﻿"REF_DATE","GEO","DGUID","Business characteristics","Business or organization ability to take on more debt","UOM","UOM_ID","SCALAR_FACTOR","SCALAR_ID","VECTOR","COORDINATE","VALUE","STATUS","SYMBOL","TERMINATED","DECIMALS"
"2021","Canada","2016A000011124","North American Industry Classification System (NAICS), all industries","Business or organization can take on more debt","Percent","239","units","0","v1304342399","1.1.1","53.1","A","","","1"
"2021","Canada","2016A000011124","North American Industry Classification System (NAICS), all industries","Business or organization cannot take on more debt","Percent","239","units","0","v1304342400","1.1.2","25.4","A","","","1"
"2021","Canada","2016A000011124","North American Industry Classification System (NAICS), all industries","Business or organization ability to take on more debt, unknown","Percent","239","units","0","v1304342401","1.1.3","21.5","A","","","1"
"2021","Canada","2016A000011124","Agriculture, forestry, fishing and hunting [11]","Business or organization can take on more debt","Percent","239","units","0","v1304342432","1.2.1","62.4","A","","","1"
"2021","Canada","2016A000011124","Agriculture, forestry, fishing and hunting [11]","Business or organization cannot take on more debt","Percent","239","units","0","v1304342433","1.2.2","20.5","A","","","1"
"2021","Canada","2016A000011124","Agriculture, forestry, fishing and hunting [11]","Business or organization ability to take on more debt, unknown","Percent","239","units","0","v1304342434","1.2.3","17.1","A","","","1"
"2021","Canada","2016A000011124","Mining, quarrying, and oil and gas extraction [21]","Business or organization can take on more debt","Percent","239","units","0","v1304342465","1.3.1","48.9","B","","","1"
"2021","Canada","2016A000011124","Mining, quarrying, and oil and gas extraction [21]","Business or organization cannot take on more debt","Percent","239","units","0","v1304342466","1.3.2","28.5","B","","","1"
"2021","Canada","2016A000011124","Mining, quarrying, and oil and gas extraction [21]","Business or organization ability to take on more debt, unknown","Percent","239","units","0","v1304342467","1.3.3","22.6","B","","","1"
"2021","Canada","2016A000011124","Construction [23]","Business or organization can take on more debt","Percent","239","units","0","v1304342498","1.4.1","52.2","B","","","1"
"2021","Canada","2016A000011124","Construction [23]","Business or organization cannot take on more debt","Percent","239","units","0","v1304342499","1.4.2","28.7","B","","","1"
"2021","Canada","2016A000011124","Construction [23]","Business or organization ability to take on more debt, unknown","Percent","239","units","0","v1304342500","1.4.3","19.1","B","","","1"
"2021","Canada","2016A000011124","Manufacturing [31-33]","Business or organization can take on more debt","Percent","239","units","0","v1304342531","1.5.1","59.8","B","","","1"
"2021","Canada","2016A000011124","Manufacturing [31-33]","Business or organization cannot take on more debt","Percent","239","units","0","v1304342532","1.5.2","22.0","B","","","1"
"2021","Canada","2016A000011124","Manufacturing [31-33]","Business or organization ability to take on more debt, unknown","Percent","239","units","0","v1304342533","1.5.3","18.2","B","","","1"
"2021","Canada","2016A000011124","Wholesale trade [41]","Business or organization can take on more debt","Percent","239","units","0","v1304342564","1.6.1","71.9","B","","","1"
"2021","Canada","2016A000011124","Wholesale trade [41]","Business or organization cannot take on more debt","Percent","239","units","0","v1304342565","1.6.2","12.4","A","","","1"
"2021","Canada","2016A000011124","Wholesale trade [41]","Business or organization ability to take on more debt, unknown","Percent","239","units","0","v1304342566","1.6.3","15.7","A","","","1"
"2021","Canada","2016A000011124","Retail trade [44-45]","Business or organization can take on more debt","Percent","239","units","0","v1304342588","1.7.1","54.6","B","","","1"
"2021","Canada","2016A000011124","Retail trade [44-45]","Business or organization cannot take on more debt","Percent","239","units","0","v1304342589","1.7.2","21.6","B","","","1"
"2021","Canada","2016A000011124","Retail trade [44-45]","Business or organization ability to take on more debt, unknown","Percent","239","units","0","v1304342590","1.7.3","23.7","B","","","1"
"2021","Canada","2016A000011124","Transportation and warehousing [48-49]","Business or organization can take on more debt","Percent","239","units","0","v1304342591","1.8.1","39.5","B","","","1"
"2021","Canada","2016A000011124","Transportation and warehousing [48-49]","Business or organization cannot take on more debt","Percent","239","units","0","v1304342592","1.8.2","26.5","B","","","1"
"2021","Canada","2016A000011124","Transportation and warehousing [48-49]","Business or organization ability to take on more debt, unknown","Percent","239","units","0","v1304342593","1.8.3","34.0","B","","","1"
"2021","Canada","2016A000011124","Information and cultural industries [51]","Business or organization can take on more debt","Percent","239","units","0","v1304342594","1.9.1","48.5","B","","","1"
"2021","Canada","2016A000011124","Information and cultural industries [51]","Business or organization cannot take on more debt","Percent","239","units","0","v1304342595","1.9.2","25.1","B","","","1"
"2021","Canada","2016A000011124","Information and cultural industries [51]","Business or organization ability to take on more debt, unknown","Percent","239","units","0","v1304342596","1.9.3","26.5","B","","","1"
"2021","Canada","2016A000011124","Finance and insurance [52]","Business or organization can take on more debt","Percent","239","units","0","v1304342402","1.10.1","63.5","B","","","1"
"2021","Canada","2016A000011124","Finance and insurance [52]","Business or organization cannot take on more debt","Percent","239","units","0","v1304342403","1.10.2","19.2","B","","","1"
"2021","Canada","2016A000011124","Finance and insurance [52]","Business or organization ability to take on more debt, unknown","Percent","239","units","0","v1304342404","1.10.3","17.3","A","","","1"
"2021","Canada","2016A000011124","Real estate and rental and leasing [53]","Business or organization can take on more debt","Percent","239","units","0","v1304342405","1.11.1","62.8","B","","","1"
"2021","Canada","2016A000011124","Real estate and rental and leasing [53]","Business or organization cannot take on more debt","Percent","239","units","0","v1304342406","1.11.2","23.5","B","","","1"
"2021","Canada","2016A000011124","Real estate and rental and leasing [53]","Business or organization ability to take on more debt, unknown","Percent","239","units","0","v1304342407","1.11.3","13.6","A","","","1"
"2021","Canada","2016A000011124","Professional, scientific and technical services [54]","Business or organization can take on more debt","Percent","239","units","0","v1304342408","1.12.1","53.9","B","","","1"
"2021","Canada","2016A000011124","Professional, scientific and technical services [54]","Business or organization cannot take on more debt","Percent","239","units","0","v1304342409","1.12.2","25.6","B","","","1"
"2021","Canada","2016A000011124","Professional, scientific and technical services [54]","Business or organization ability to take on more debt, unknown","Percent","239","units","0","v1304342410","1.12.3","20.5","B","","","1"
"2021","Canada","2016A000011124","Administrative and support, waste management and remediation services [56]","Business or organization can take on more debt","Percent","239","units","0","v1304342411","1.13.1","51.5","B","","","1"
"2021","Canada","2016A000011124","Administrative and support, waste management and remediation services [56]","Business or organization cannot take on more debt","Percent","239","units","0","v1304342412","1.13.2","27.7","B","","","1"
"2021","Canada","2016A000011124","Administrative and support, waste management and remediation services [56]","Business or organization ability to take on more debt, unknown","Percent","239","units","0","v1304342413","1.13.3","20.8","B","","","1"
"2021","Canada","2016A000011124","Health care and social assistance [62]","Business or organization can take on more debt","Percent","239","units","0","v1304342414","1.14.1","50.0","B","","","1"
"2021","Canada","2016A000011124","Health care and social assistance [62]","Business or organization cannot take on more debt","Percent","239","units","0","v1304342415","1.14.2","23.9","A","","","1"
"2021","Canada","2016A000011124","Health care and social assistance [62]","Business or organization ability to take on more debt, unknown","Percent","239","units","0","v1304342416","1.14.3","26.1","B","","","1"
"2021","Canada","2016A000011124","Arts, entertainment and recreation [71]","Business or organization can take on more debt","Percent","239","units","0","v1304342417","1.15.1","42.6","B","","","1"
"2021","Canada","2016A000011124","Arts, entertainment and recreation [71]","Business or organization cannot take on more debt","Percent","239","units","0","v1304342418","1.15.2","34.0","B","","","1"
"2021","Canada","2016A000011124","Arts, entertainment and recreation [71]","Business or organization ability to take on more debt, unknown","Percent","239","units","0","v1304342419","1.15.3","23.4","B","","","1"
"2021","Canada","2016A000011124","Accommodation and food services [72]","Business or organization can take on more debt","Percent","239","units","0","v1304342420","1.16.1","45.2","B","","","1"
"2021","Canada","2016A000011124","Accommodation and food services [72]","Business or organization cannot take on more debt","Percent","239","units","0","v1304342421","1.16.2","27.8","B","","","1"
"2021","Canada","2016A000011124","Accommodation and food services [72]","Business or organization ability to take on more debt, unknown","Percent","239","units","0","v1304342422","1.16.3","27.0","B","","","1"
"2021","Canada","2016A000011124","Other services (except public administration) [81]","Business or organization can take on more debt","Percent","239","units","0","v1304342423","1.17.1","46.1","B","","","1"
"2021","Canada","2016A000011124","Other services (except public administration) [81]","Business or organization cannot take on more debt","Percent","239","units","0","v1304342424","1.17.2","35.8","B","","","1"
"2021","Canada","2016A000011124","Other services (except public administration) [81]","Business or organization ability to take on more debt, unknown","Percent","239","units","0","v1304342425","1.17.3","18.1","B","","","1"
"2021","Canada","2016A000011124","Business or organization size of employment, all employment sizes","Business or organization can take on more debt","Percent","239","units","0","v1304342426","1.18.1","53.1","A","","","1"
"2021","Canada","2016A000011124","Business or organization size of employment, all employment sizes","Business or organization cannot take on more debt","Percent","239","units","0","v1304342427","1.18.2","25.4","A","","","1"
"2021","Canada","2016A000011124","Business or organization size of employment, all employment sizes","Business or organization ability to take on more debt, unknown","Percent","239","units","0","v1304342428","1.18.3","21.5","A","","","1"
"2021","Canada","2016A000011124","1 to 4 employees","Business or organization can take on more debt","Percent","239","units","0","v1304342429","1.19.1","48.4","A","","","1"
"2021","Canada","2016A000011124","1 to 4 employees","Business or organization cannot take on more debt","Percent","239","units","0","v1304342430","1.19.2","28.9","A","","","1"
"2021","Canada","2016A000011124","1 to 4 employees","Business or organization ability to take on more debt, unknown","Percent","239","units","0","v1304342431","1.19.3","22.6","A","","","1"
"2021","Canada","2016A000011124","5 to 19 employees","Business or organization can take on more debt","Percent","239","units","0","v1304342435","1.20.1","56.8","A","","","1"
"2021","Canada","2016A000011124","5 to 19 employees","Business or organization cannot take on more debt","Percent","239","units","0","v1304342436","1.20.2","23.4","A","","","1"
"2021","Canada","2016A000011124","5 to 19 employees","Business or organization ability to take on more debt, unknown","Percent","239","units","0","v1304342437","1.20.3","19.8","A","","","1"
"2021","Canada","2016A000011124","20 to 99 employees","Business or organization can take on more debt","Percent","239","units","0","v1304342438","1.21.1","64.2","A","","","1"
"2021","Canada","2016A000011124","20 to 99 employees","Business or organization cannot take on more debt","Percent","239","units","0","v1304342439","1.21.2","16.7","A","","","1"
"2021","Canada","2016A000011124","20 to 99 employees","Business or organization ability to take on more debt, unknown","Percent","239","units","0","v1304342440","1.21.3","19.1","A","","","1"
"2021","Canada","2016A000011124","100 or more employees","Business or organization can take on more debt","Percent","239","units","0","v1304342441","1.22.1","63.8","A","","","1"
"2021","Canada","2016A000011124","100 or more employees","Business or organization cannot take on more debt","Percent","239","units","0","v1304342442","1.22.2","6.2","A","","","1"
"2021","Canada","2016A000011124","100 or more employees","Business or organization ability to take on more debt, unknown","Percent","239","units","0","v1304342443","1.22.3","30.1","A","","","1"
"2021","Canada","2016A000011124","Business or organization type, all businesses or organizations","Business or organization can take on more debt","Percent","239","units","0","v1304342444","1.23.1","53.1","A","","","1"
"2021","Canada","2016A000011124","Business or organization type, all businesses or organizations","Business or organization cannot take on more debt","Percent","239","units","0","v1304342445","1.23.2","25.4","A","","","1"
"2021","Canada","2016A000011124","Business or organization type, all businesses or organizations","Business or organization ability to take on more debt, unknown","Percent","239","units","0","v1304342446","1.23.3","21.5","A","","","1"
"2021","Canada","2016A000011124","Government agencies","Business or organization can take on more debt","Percent","239","units","0","v1304342447","1.24.1","52.0","D","","","1"
"2021","Canada","2016A000011124","Government agencies","Business or organization cannot take on more debt","Percent","239","units","0","v1304342448","1.24.2","20.4","C","","","1"
"2021","Canada","2016A000011124","Government agencies","Business or organization ability to take on more debt, unknown","Percent","239","units","0","v1304342449","1.24.3","27.6","D","","","1"
"2021","Canada","2016A000011124","Private sector businesses","Business or organization can take on more debt","Percent","239","units","0","v1304342450","1.25.1","54.3","A","","","1"
"2021","Canada","2016A000011124","Private sector businesses","Business or organization cannot take on more debt","Percent","239","units","0","v1304342451","1.25.2","24.0","A","","","1"
"2021","Canada","2016A000011124","Private sector businesses","Business or organization ability to take on more debt, unknown","Percent","239","units","0","v1304342452","1.25.3","21.7","A","","","1"
"2021","Canada","2016A000011124","Non-profit organizations","Business or organization can take on more debt","Percent","239","units","0","v1304342453","1.26.1","36.1","B","","","1"
"2021","Canada","2016A000011124","Non-profit organizations","Business or organization cannot take on more debt","Percent","239","units","0","v1304342454","1.26.2","45.9","B","","","1"
"2021","Canada","2016A000011124","Non-profit organizations","Business or organization ability to take on more debt, unknown","Percent","239","units","0","v1304342455","1.26.3","17.9","B","","","1"
"2021","Canada","2016A000011124","Non-profit organizations serving households or individuals","Business or organization can take on more debt","Percent","239","units","0","v1304342456","1.27.1","36.0","B","","","1"
"2021","Canada","2016A000011124","Non-profit organizations serving households or individuals","Business or organization cannot take on more debt","Percent","239","units","0","v1304342457","1.27.2","46.3","B","","","1"
"2021","Canada","2016A000011124","Non-profit organizations serving households or individuals","Business or organization ability to take on more debt, unknown","Percent","239","units","0","v1304342458","1.27.3","17.7","B","","","1"
"2021","Canada","2016A000011124","Non-profit organizations serving businesses","Business or organization can take on more debt","Percent","239","units","0","v1304342459","1.28.1","37.8","C","","","1"
"2021","Canada","2016A000011124","Non-profit organizations serving businesses","Business or organization cannot take on more debt","Percent","239","units","0","v1304342460","1.28.2","42.2","C","","","1"
"2021","Canada","2016A000011124","Non-profit organizations serving businesses","Business or organization ability to take on more debt, unknown","Percent","239","units","0","v1304342461","1.28.3","20.0","C","","","1"
"2021","Canada","2016A000011124","Age of business or organization, all ages","Business or organization can take on more debt","Percent","239","units","0","v1304342462","1.29.1","53.1","A","","","1"
"2021","Canada","2016A000011124","Age of business or organization, all ages","Business or organization cannot take on more debt","Percent","239","units","0","v1304342463","1.29.2","25.4","A","","","1"
"2021","Canada","2016A000011124","Age of business or organization, all ages","Business or organization ability to take on more debt, unknown","Percent","239","units","0","v1304342464","1.29.3","21.5","A","","","1"
"2021","Canada","2016A000011124","Age of business or organization, 2 years or less","Business or organization can take on more debt","Percent","239","units","0","v1304342468","1.30.1","52.9","B","","","1"
"2021","Canada","2016A000011124","Age of business or organization, 2 years or less","Business or organization cannot take on more debt","Percent","239","units","0","v1304342469","1.30.2","27.8","B","","","1"
"2021","Canada","2016A000011124","Age of business or organization, 2 years or less","Business or organization ability to take on more debt, unknown","Percent","239","units","0","v1304342470","1.30.3","19.2","B","","","1"
"2021","Canada","2016A000011124","Age of business or organization, 3 to 10 years old","Business or organization can take on more debt","Percent","239","units","0","v1304342471","1.31.1","50.5","A","","","1"
"2021","Canada","2016A000011124","Age of business or organization, 3 to 10 years old","Business or organization cannot take on more debt","Percent","239","units","0","v1304342472","1.31.2","27.3","A","","","1"
"2021","Canada","2016A000011124","Age of business or organization, 3 to 10 years old","Business or organization ability to take on more debt, unknown","Percent","239","units","0","v1304342473","1.31.3","22.1","A","","","1"
"2021","Canada","2016A000011124","Age of business or organization, 11 to 20 years old","Business or organization can take on more debt","Percent","239","units","0","v1304342474","1.32.1","50.3","A","","","1"
"2021","Canada","2016A000011124","Age of business or organization, 11 to 20 years old","Business or organization cannot take on more debt","Percent","239","units","0","v1304342475","1.32.2","25.0","A","","","1"
"2021","Canada","2016A000011124","Age of business or organization, 11 to 20 years old","Business or organization ability to take on more debt, unknown","Percent","239","units","0","v1304342476","1.32.3","24.7","A","","","1"
"2021","Canada","2016A000011124","Age of business or organization, more than 20 years old","Business or organization can take on more debt","Percent","239","units","0","v1304342477","1.33.1","56.9","A","","","1"
"2021","Canada","2016A000011124","Age of business or organization, more than 20 years old","Business or organization cannot take on more debt","Percent","239","units","0","v1304342478","1.33.2","24.0","A","","","1"
"2021","Canada","2016A000011124","Age of business or organization, more than 20 years old","Business or organization ability to take on more debt, unknown","Percent","239","units","0","v1304342479","1.33.3","19.1","A","","","1"
"2021","Canada","2016A000011124","Geography, all geography","Business or organization can take on more debt","Percent","239","units","0","v1304342480","1.34.1","53.1","A","","","1"
"2021","Canada","2016A000011124","Geography, all geography","Business or organization cannot take on more debt","Percent","239","units","0","v1304342481","1.34.2","25.4","A","","","1"
"2021","Canada","2016A000011124","Geography, all geography","Business or organization ability to take on more debt, unknown","Percent","239","units","0","v1304342482","1.34.3","21.5","A","","","1"
"2021","Canada","2016A000011124","Urban","Business or organization can take on more debt","Percent","239","units","0","v1304342483","1.35.1","52.8","A","","","1"
"2021","Canada","2016A000011124","Urban","Business or organization cannot take on more debt","Percent","239","units","0","v1304342484","1.35.2","24.9","A","","","1"
"2021","Canada","2016A000011124","Urban","Business or organization ability to take on more debt, unknown","Percent","239","units","0","v1304342485","1.35.3","22.3","A","","","1"
"2021","Canada","2016A000011124","Rural","Business or organization can take on more debt","Percent","239","units","0","v1304342486","1.36.1","54.2","A","","","1"
"2021","Canada","2016A000011124","Rural","Business or organization cannot take on more debt","Percent","239","units","0","v1304342487","1.36.2","27.9","A","","","1"
"2021","Canada","2016A000011124","Rural","Business or organization ability to take on more debt, unknown","Percent","239","units","0","v1304342488","1.36.3","17.9","A","","","1"
"2021","Canada","2016A000011124","Majority ownership, all ownerships","Business or organization can take on more debt","Percent","239","units","0","v1304342489","1.37.1","54.3","A","","","1"
"2021","Canada","2016A000011124","Majority ownership, all ownerships","Business or organization cannot take on more debt","Percent","239","units","0","v1304342490","1.37.2","24.0","A","","","1"
"2021","Canada","2016A000011124","Majority ownership, all ownerships","Business or organization ability to take on more debt, unknown","Percent","239","units","0","v1304342491","1.37.3","21.7","A","","","1"
"2021","Canada","2016A000011124","Majority ownership, woman","Business or organization can take on more debt","Percent","239","units","0","v1304342492","1.38.1","49.1","B","","","1"
"2021","Canada","2016A000011124","Majority ownership, woman","Business or organization cannot take on more debt","Percent","239","units","0","v1304342493","1.38.2","28.9","A","","","1"
"2021","Canada","2016A000011124","Majority ownership, woman","Business or organization ability to take on more debt, unknown","Percent","239","units","0","v1304342494","1.38.3","22.0","A","","","1"
"2021","Canada","2016A000011124","Majority ownership, First Nations, Métis or Inuit","Business or organization can take on more debt","Percent","239","units","0","v1304342495","1.39.1","51.1","C","","","1"
"2021","Canada","2016A000011124","Majority ownership, First Nations, Métis or Inuit","Business or organization cannot take on more debt","Percent","239","units","0","v1304342496","1.39.2","26.2","B","","","1"
"2021","Canada","2016A000011124","Majority ownership, First Nations, Métis or Inuit","Business or organization ability to take on more debt, unknown","Percent","239","units","0","v1304342497","1.39.3","22.7","C","","","1"
"2021","Canada","2016A000011124","Majority ownership, immigrant to Canada","Business or organization can take on more debt","Percent","239","units","0","v1304342501","1.40.1","45.6","B","","","1"
"2021","Canada","2016A000011124","Majority ownership, immigrant to Canada","Business or organization cannot take on more debt","Percent","239","units","0","v1304342502","1.40.2","24.2","A","","","1"
"2021","Canada","2016A000011124","Majority ownership, immigrant to Canada","Business or organization ability to take on more debt, unknown","Percent","239","units","0","v1304342503","1.40.3","30.1","A","","","1"
"2021","Canada","2016A000011124","Majority ownership, person with a disability","Business or organization can take on more debt","Percent","239","units","0","v1304342504","1.41.1","43.4","D","","","1"
"2021","Canada","2016A000011124","Majority ownership, person with a disability","Business or organization cannot take on more debt","Percent","239","units","0","v1304342505","1.41.2","34.4","E","","","1"
"2021","Canada","2016A000011124","Majority ownership, person with a disability","Business or organization ability to take on more debt, unknown","Percent","239","units","0","v1304342506","1.41.3","22.2","C","","","1"
"2021","Canada","2016A000011124","Majority ownership, member of LGBTQ2 community","Business or organization can take on more debt","Percent","239","units","0","v1304342507","1.42.1","66.7","E","","","1"
"2021","Canada","2016A000011124","Majority ownership, member of LGBTQ2 community","Business or organization cannot take on more debt","Percent","239","units","0","v1304342508","1.42.2","17.4","C","","","1"
"2021","Canada","2016A000011124","Majority ownership, member of LGBTQ2 community","Business or organization ability to take on more debt, unknown","Percent","239","units","0","v1304342509","1.42.3","15.9","C","","","1"
"2021","Canada","2016A000011124","Majority ownership, visible minority","Business or organization can take on more debt","Percent","239","units","0","v1304342510","1.43.1","44.8","B","","","1"
"2021","Canada","2016A000011124","Majority ownership, visible minority","Business or organization cannot take on more debt","Percent","239","units","0","v1304342511","1.43.2","24.4","B","","","1"
"2021","Canada","2016A000011124","Majority ownership, visible minority","Business or organization ability to take on more debt, unknown","Percent","239","units","0","v1304342512","1.43.3","30.8","B","","","1"
"2021","Canada","2016A000011124","Ownership by visible minority, all visible minorities","Business or organization can take on more debt","Percent","239","units","0","v1304342513","1.44.1","44.8","B","","","1"
"2021","Canada","2016A000011124","Ownership by visible minority, all visible minorities","Business or organization cannot take on more debt","Percent","239","units","0","v1304342514","1.44.2","24.4","B","","","1"
"2021","Canada","2016A000011124","Ownership by visible minority, all visible minorities","Business or organization ability to take on more debt, unknown","Percent","239","units","0","v1304342515","1.44.3","30.8","B","","","1"
"2021","Canada","2016A000011124","Ownership by visible minority, South Asian","Business or organization can take on more debt","Percent","239","units","0","v1304342516","1.45.1","45.8","C","","","1"
"2021","Canada","2016A000011124","Ownership by visible minority, South Asian","Business or organization cannot take on more debt","Percent","239","units","0","v1304342517","1.45.2","25.8","B","","","1"
"2021","Canada","2016A000011124","Ownership by visible minority, South Asian","Business or organization ability to take on more debt, unknown","Percent","239","units","0","v1304342518","1.45.3","28.4","B","","","1"
"2021","Canada","2016A000011124","Ownership by visible minority, Chinese","Business or organization can take on more debt","Percent","239","units","0","v1304342519","1.46.1","45.3","C","","","1"
"2021","Canada","2016A000011124","Ownership by visible minority, Chinese","Business or organization cannot take on more debt","Percent","239","units","0","v1304342520","1.46.2","25.3","B","","","1"
"2021","Canada","2016A000011124","Ownership by visible minority, Chinese","Business or organization ability to take on more debt, unknown","Percent","239","units","0","v1304342521","1.46.3","29.4","B","","","1"
"2021","Canada","2016A000011124","Ownership by visible minority, Black","Business or organization can take on more debt","Percent","239","units","0","v1304342522","1.47.1","46.8","D","","","1"
"2021","Canada","2016A000011124","Ownership by visible minority, Black","Business or organization cannot take on more debt","Percent","239","units","0","v1304342523","1.47.2","16.6","C","","","1"
"2021","Canada","2016A000011124","Ownership by visible minority, Black","Business or organization ability to take on more debt, unknown","Percent","239","units","0","v1304342524","1.47.3","36.6","E","","","1"
"2021","Canada","2016A000011124","Ownership by visible minority, Filipino","Business or organization can take on more debt","Percent","239","units","0","v1304342525","1.48.1","33.3","E","","","1"
"2021","Canada","2016A000011124","Ownership by visible minority, Filipino","Business or organization cannot take on more debt","Percent","239","units","0","v1304342526","1.48.2","16.5","D","","","1"
"2021","Canada","2016A000011124","Ownership by visible minority, Filipino","Business or organization ability to take on more debt, unknown","Percent","239","units","0","v1304342527","1.48.3","50.3","E","","","1"
"2021","Canada","2016A000011124","Ownership by visible minority, Latin American","Business or organization can take on more debt","Percent","239","units","0","v1304342528","1.49.1","51.9","E","","","1"
"2021","Canada","2016A000011124","Ownership by visible minority, Latin American","Business or organization cannot take on more debt","Percent","239","units","0","v1304342529","1.49.2","27.4","E","","","1"
"2021","Canada","2016A000011124","Ownership by visible minority, Latin American","Business or organization ability to take on more debt, unknown","Percent","239","units","0","v1304342530","1.49.3","20.7","E","","","1"
"2021","Canada","2016A000011124","Ownership by visible minority, Arab","Business or organization can take on more debt","Percent","239","units","0","v1304342534","1.50.1","41.3","D","","","1"
"2021","Canada","2016A000011124","Ownership by visible minority, Arab","Business or organization cannot take on more debt","Percent","239","units","0","v1304342535","1.50.2","26.9","D","","","1"
"2021","Canada","2016A000011124","Ownership by visible minority, Arab","Business or organization ability to take on more debt, unknown","Percent","239","units","0","v1304342536","1.50.3","31.8","D","","","1"
"2021","Canada","2016A000011124","Ownership by visible minority, Southeast Asian","Business or organization can take on more debt","Percent","239","units","0","v1304342537","1.51.1","62.4","E","","","1"
"2021","Canada","2016A000011124","Ownership by visible minority, Southeast Asian","Business or organization cannot take on more debt","Percent","239","units","0","v1304342538","1.51.2","20.2","D","","","1"
"2021","Canada","2016A000011124","Ownership by visible minority, Southeast Asian","Business or organization ability to take on more debt, unknown","Percent","239","units","0","v1304342539","1.51.3","17.4","C","","","1"
"2021","Canada","2016A000011124","Ownership by visible minority, West Asian","Business or organization can take on more debt","Percent","239","units","0","v1304342540","1.52.1","","F","","","1"
"2021","Canada","2016A000011124","Ownership by visible minority, West Asian","Business or organization cannot take on more debt","Percent","239","units","0","v1304342541","1.52.2","25.3","E","","","1"
"2021","Canada","2016A000011124","Ownership by visible minority, West Asian","Business or organization ability to take on more debt, unknown","Percent","239","units","0","v1304342542","1.52.3","40.1","E","","","1"
"2021","Canada","2016A000011124","Ownership by visible minority, Korean","Business or organization can take on more debt","Percent","239","units","0","v1304342543","1.53.1","53.1","E","","","1"
"2021","Canada","2016A000011124","Ownership by visible minority, Korean","Business or organization cannot take on more debt","Percent","239","units","0","v1304342544","1.53.2","27.0","E","","","1"
"2021","Canada","2016A000011124","Ownership by visible minority, Korean","Business or organization ability to take on more debt, unknown","Percent","239","units","0","v1304342545","1.53.3","19.9","D","","","1"
"2021","Canada","2016A000011124","Ownership by visible minority, Japanese","Business or organization can take on more debt","Percent","239","units","0","v1304342546","1.54.1","","F","","","1"
"2021","Canada","2016A000011124","Ownership by visible minority, Japanese","Business or organization cannot take on more debt","Percent","239","units","0","v1304342547","1.54.2","","F","","","1"
"2021","Canada","2016A000011124","Ownership by visible minority, Japanese","Business or organization ability to take on more debt, unknown","Percent","239","units","0","v1304342548","1.54.3","","F","","","1"
"2021","Canada","2016A000011124","Ownership by visible minority, other visible minority","Business or organization can take on more debt","Percent","239","units","0","v1304342549","1.55.1","57.2","E","","","1"
"2021","Canada","2016A000011124","Ownership by visible minority, other visible minority","Business or organization cannot take on more debt","Percent","239","units","0","v1304342550","1.55.2","18.9","E","","","1"
"2021","Canada","2016A000011124","Ownership by visible minority, other visible minority","Business or organization ability to take on more debt, unknown","Percent","239","units","0","v1304342551","1.55.3","23.9","E","","","1"
"2021","Canada","2016A000011124","Ownership by visible minority, preferred not to say","Business or organization can take on more debt","Percent","239","units","0","v1304342552","1.56.1","30.8","E","","","1"
"2021","Canada","2016A000011124","Ownership by visible minority, preferred not to say","Business or organization cannot take on more debt","Percent","239","units","0","v1304342553","1.56.2","","F","","","1"
"2021","Canada","2016A000011124","Ownership by visible minority, preferred not to say","Business or organization ability to take on more debt, unknown","Percent","239","units","0","v1304342554","1.56.3","33.6","E","","","1"
"2021","Canada","2016A000011124","Business or organization activity in the last 12 months, all business or organization activities","Business or organization can take on more debt","Percent","239","units","0","v1304342555","1.57.1","53.1","A","","","1"
"2021","Canada","2016A000011124","Business or organization activity in the last 12 months, all business or organization activities","Business or organization cannot take on more debt","Percent","239","units","0","v1304342556","1.57.2","25.4","A","","","1"
"2021","Canada","2016A000011124","Business or organization activity in the last 12 months, all business or organization activities","Business or organization ability to take on more debt, unknown","Percent","239","units","0","v1304342557","1.57.3","21.5","A","","","1"
"2021","Canada","2016A000011124","Exported goods outside of Canada","Business or organization can take on more debt","Percent","239","units","0","v1304342558","1.58.1","67.4","B","","","1"
"2021","Canada","2016A000011124","Exported goods outside of Canada","Business or organization cannot take on more debt","Percent","239","units","0","v1304342559","1.58.2","14.1","A","","","1"
"2021","Canada","2016A000011124","Exported goods outside of Canada","Business or organization ability to take on more debt, unknown","Percent","239","units","0","v1304342560","1.58.3","18.4","B","","","1"
"2021","Canada","2016A000011124","Exported services outside of Canada","Business or organization can take on more debt","Percent","239","units","0","v1304342561","1.59.1","54.2","C","","","1"
"2021","Canada","2016A000011124","Exported services outside of Canada","Business or organization cannot take on more debt","Percent","239","units","0","v1304342562","1.59.2","17.0","B","","","1"
"2021","Canada","2016A000011124","Exported services outside of Canada","Business or organization ability to take on more debt, unknown","Percent","239","units","0","v1304342563","1.59.3","28.8","C","","","1"
"2021","Canada","2016A000011124","Made investments outside of Canada","Business or organization can take on more debt","Percent","239","units","0","v1304342567","1.60.1","72.5","D","","","1"
"2021","Canada","2016A000011124","Made investments outside of Canada","Business or organization cannot take on more debt","Percent","239","units","0","v1304342568","1.60.2","23.2","D","","","1"
"2021","Canada","2016A000011124","Made investments outside of Canada","Business or organization ability to take on more debt, unknown","Percent","239","units","0","v1304342569","1.60.3","4.3","A","","","1"
"2021","Canada","2016A000011124","Sold goods to businesses in Canada who then resold them outside of Canada","Business or organization can take on more debt","Percent","239","units","0","v1304342570","1.61.1","79.1","B","","","1"
"2021","Canada","2016A000011124","Sold goods to businesses in Canada who then resold them outside of Canada","Business or organization cannot take on more debt","Percent","239","units","0","v1304342571","1.61.2","12.2","B","","","1"
"2021","Canada","2016A000011124","Sold goods to businesses in Canada who then resold them outside of Canada","Business or organization ability to take on more debt, unknown","Percent","239","units","0","v1304342572","1.61.3","8.7","A","","","1"
"2021","Canada","2016A000011124","Imported goods from outside of Canada","Business or organization can take on more debt","Percent","239","units","0","v1304342573","1.62.1","64.5","B","","","1"
"2021","Canada","2016A000011124","Imported goods from outside of Canada","Business or organization cannot take on more debt","Percent","239","units","0","v1304342574","1.62.2","19.3","A","","","1"
"2021","Canada","2016A000011124","Imported goods from outside of Canada","Business or organization ability to take on more debt, unknown","Percent","239","units","0","v1304342575","1.62.3","16.2","A","","","1"
"2021","Canada","2016A000011124","Imported services from outside of Canada","Business or organization can take on more debt","Percent","239","units","0","v1304342576","1.63.1","63.8","B","","","1"
"2021","Canada","2016A000011124","Imported services from outside of Canada","Business or organization cannot take on more debt","Percent","239","units","0","v1304342577","1.63.2","15.3","A","","","1"
"2021","Canada","2016A000011124","Imported services from outside of Canada","Business or organization ability to take on more debt, unknown","Percent","239","units","0","v1304342578","1.63.3","20.9","C","","","1"
"2021","Canada","2016A000011124","Relocated any business or organizational activities or employees from another country into Canada","Business or organization can take on more debt","Percent","239","units","0","v1304342579","1.64.1","58.8","E","","","1"
"2021","Canada","2016A000011124","Relocated any business or organizational activities or employees from another country into Canada","Business or organization cannot take on more debt","Percent","239","units","0","v1304342580","1.64.2","32.9","E","","","1"
"2021","Canada","2016A000011124","Relocated any business or organizational activities or employees from another country into Canada","Business or organization ability to take on more debt, unknown","Percent","239","units","0","v1304342581","1.64.3","8.4","B","","","1"
"2021","Canada","2016A000011124","Engaged in other international business activities","Business or organization can take on more debt","Percent","239","units","0","v1304342582","1.65.1","60.3","C","","","1"
"2021","Canada","2016A000011124","Engaged in other international business activities","Business or organization cannot take on more debt","Percent","239","units","0","v1304342583","1.65.2","21.5","C","","","1"
"2021","Canada","2016A000011124","Engaged in other international business activities","Business or organization ability to take on more debt, unknown","Percent","239","units","0","v1304342584","1.65.3","18.2","C","","","1"
"2021","Canada","2016A000011124","Business or organization activity, none or other","Business or organization can take on more debt","Percent","239","units","0","v1304342585","1.66.1","50.6","A","","","1"
"2021","Canada","2016A000011124","Business or organization activity, none or other","Business or organization cannot take on more debt","Percent","239","units","0","v1304342586","1.66.2","27.0","A","","","1"
"2021","Canada","2016A000011124","Business or organization activity, none or other","Business or organization ability to take on more debt, unknown","Percent","239","units","0","v1304342587","1.66.3","22.4","A","","","1"
"2021","Saskatchewan","2016A000247","North American Industry Classification System (NAICS), all industries","Business or organization can take on more debt","Percent","239","units","0","v1304344973","9.1.1","54.2","A","","","1"
"2021","Saskatchewan","2016A000247","North American Industry Classification System (NAICS), all industries","Business or organization cannot take on more debt","Percent","239","units","0","v1304344974","9.1.2","23.8","A","","","1"
"2021","Saskatchewan","2016A000247","North American Industry Classification System (NAICS), all industries","Business or organization ability to take on more debt, unknown","Percent","239","units","0","v1304344975","9.1.3","21.9","A","","","1"
"2021","Saskatchewan","2016A000247","Agriculture, forestry, fishing and hunting [11]","Business or organization can take on more debt","Percent","239","units","0","v1304345006","9.2.1","65.7","C","","","1"
"2021","Saskatchewan","2016A000247","Agriculture, forestry, fishing and hunting [11]","Business or organization cannot take on more debt","Percent","239","units","0","v1304345007","9.2.2","12.4","B","","","1"
"2021","Saskatchewan","2016A000247","Agriculture, forestry, fishing and hunting [11]","Business or organization ability to take on more debt, unknown","Percent","239","units","0","v1304345008","9.2.3","21.9","C","","","1"
"2021","Saskatchewan","2016A000247","Mining, quarrying, and oil and gas extraction [21]","Business or organization can take on more debt","Percent","239","units","0","v1304345039","9.3.1","43.7","C","","","1"
"2021","Saskatchewan","2016A000247","Mining, quarrying, and oil and gas extraction [21]","Business or organization cannot take on more debt","Percent","239","units","0","v1304345040","9.3.2","21.8","C","","","1"
"2021","Saskatchewan","2016A000247","Mining, quarrying, and oil and gas extraction [21]","Business or organization ability to take on more debt, unknown","Percent","239","units","0","v1304345041","9.3.3","34.5","D","","","1"
"2021","Saskatchewan","2016A000247","Construction [23]","Business or organization can take on more debt","Percent","239","units","0","v1304345072","9.4.1","51.0","C","","","1"
"2021","Saskatchewan","2016A000247","Construction [23]","Business or organization cannot take on more debt","Percent","239","units","0","v1304345073","9.4.2","37.4","C","","","1"
"2021","Saskatchewan","2016A000247","Construction [23]","Business or organization ability to take on more debt, unknown","Percent","239","units","0","v1304345074","9.4.3","11.7","B","","","1"
"2021","Saskatchewan","2016A000247","Manufacturing [31-33]","Business or organization can take on more debt","Percent","239","units","0","v1304345105","9.5.1","63.9","C","","","1"
"2021","Saskatchewan","2016A000247","Manufacturing [31-33]","Business or organization cannot take on more debt","Percent","239","units","0","v1304345106","9.5.2","23.6","C","","","1"
"2021","Saskatchewan","2016A000247","Manufacturing [31-33]","Business or organization ability to take on more debt, unknown","Percent","239","units","0","v1304345107","9.5.3","12.5","B","","","1"
"2021","Saskatchewan","2016A000247","Wholesale trade [41]","Business or organization can take on more debt","Percent","239","units","0","v1304345138","9.6.1","58.6","C","","","1"
"2021","Saskatchewan","2016A000247","Wholesale trade [41]","Business or organization cannot take on more debt","Percent","239","units","0","v1304345139","9.6.2","14.7","C","","","1"
"2021","Saskatchewan","2016A000247","Wholesale trade [41]","Business or organization ability to take on more debt, unknown","Percent","239","units","0","v1304345140","9.6.3","26.7","C","","","1"
"2021","Saskatchewan","2016A000247","Retail trade [44-45]","Business or organization can take on more debt","Percent","239","units","0","v1304345162","9.7.1","62.9","C","","","1"
"2021","Saskatchewan","2016A000247","Retail trade [44-45]","Business or organization cannot take on more debt","Percent","239","units","0","v1304345163","9.7.2","17.2","C","","","1"
"2021","Saskatchewan","2016A000247","Retail trade [44-45]","Business or organization ability to take on more debt, unknown","Percent","239","units","0","v1304345164","9.7.3","19.9","C","","","1"
"2021","Saskatchewan","2016A000247","Transportation and warehousing [48-49]","Business or organization can take on more debt","Percent","239","units","0","v1304345165","9.8.1","44.0","C","","","1"
"2021","Saskatchewan","2016A000247","Transportation and warehousing [48-49]","Business or organization cannot take on more debt","Percent","239","units","0","v1304345166","9.8.2","17.1","C","","","1"
"2021","Saskatchewan","2016A000247","Transportation and warehousing [48-49]","Business or organization ability to take on more debt, unknown","Percent","239","units","0","v1304345167","9.8.3","38.9","C","","","1"
"2021","Saskatchewan","2016A000247","Information and cultural industries [51]","Business or organization can take on more debt","Percent","239","units","0","v1304345168","9.9.1","39.3","C","","","1"
"2021","Saskatchewan","2016A000247","Information and cultural industries [51]","Business or organization cannot take on more debt","Percent","239","units","0","v1304345169","9.9.2","30.1","C","","","1"
"2021","Saskatchewan","2016A000247","Information and cultural industries [51]","Business or organization ability to take on more debt, unknown","Percent","239","units","0","v1304345170","9.9.3","30.6","C","","","1"
"2021","Saskatchewan","2016A000247","Finance and insurance [52]","Business or organization can take on more debt","Percent","239","units","0","v1304344976","9.10.1","65.8","C","","","1"
"2021","Saskatchewan","2016A000247","Finance and insurance [52]","Business or organization cannot take on more debt","Percent","239","units","0","v1304344977","9.10.2","12.5","B","","","1"
"2021","Saskatchewan","2016A000247","Finance and insurance [52]","Business or organization ability to take on more debt, unknown","Percent","239","units","0","v1304344978","9.10.3","21.7","C","","","1"
"2021","Saskatchewan","2016A000247","Real estate and rental and leasing [53]","Business or organization can take on more debt","Percent","239","units","0","v1304344979","9.11.1","57.9","C","","","1"
"2021","Saskatchewan","2016A000247","Real estate and rental and leasing [53]","Business or organization cannot take on more debt","Percent","239","units","0","v1304344980","9.11.2","22.6","B","","","1"
"2021","Saskatchewan","2016A000247","Real estate and rental and leasing [53]","Business or organization ability to take on more debt, unknown","Percent","239","units","0","v1304344981","9.11.3","19.5","B","","","1"
"2021","Saskatchewan","2016A000247","Professional, scientific and technical services [54]","Business or organization can take on more debt","Percent","239","units","0","v1304344982","9.12.1","60.3","C","","","1"
"2021","Saskatchewan","2016A000247","Professional, scientific and technical services [54]","Business or organization cannot take on more debt","Percent","239","units","0","v1304344983","9.12.2","24.6","C","","","1"
"2021","Saskatchewan","2016A000247","Professional, scientific and technical services [54]","Business or organization ability to take on more debt, unknown","Percent","239","units","0","v1304344984","9.12.3","15.1","B","","","1"
"2021","Saskatchewan","2016A000247","Administrative and support, waste management and remediation services [56]","Business or organization can take on more debt","Percent","239","units","0","v1304344985","9.13.1","54.1","C","","","1"
"2021","Saskatchewan","2016A000247","Administrative and support, waste management and remediation services [56]","Business or organization cannot take on more debt","Percent","239","units","0","v1304344986","9.13.2","25.2","C","","","1"
"2021","Saskatchewan","2016A000247","Administrative and support, waste management and remediation services [56]","Business or organization ability to take on more debt, unknown","Percent","239","units","0","v1304344987","9.13.3","20.7","B","","","1"
"2021","Saskatchewan","2016A000247","Health care and social assistance [62]","Business or organization can take on more debt","Percent","239","units","0","v1304344988","9.14.1","46.2","C","","","1"
"2021","Saskatchewan","2016A000247","Health care and social assistance [62]","Business or organization cannot take on more debt","Percent","239","units","0","v1304344989","9.14.2","27.3","C","","","1"
"2021","Saskatchewan","2016A000247","Health care and social assistance [62]","Business or organization ability to take on more debt, unknown","Percent","239","units","0","v1304344990","9.14.3","26.5","C","","","1"
"2021","Saskatchewan","2016A000247","Arts, entertainment and recreation [71]","Business or organization can take on more debt","Percent","239","units","0","v1304344991","9.15.1","47.0","C","","","1"
"2021","Saskatchewan","2016A000247","Arts, entertainment and recreation [71]","Business or organization cannot take on more debt","Percent","239","units","0","v1304344992","9.15.2","34.4","C","","","1"
"2021","Saskatchewan","2016A000247","Arts, entertainment and recreation [71]","Business or organization ability to take on more debt, unknown","Percent","239","units","0","v1304344993","9.15.3","18.6","B","","","1"
"2021","Saskatchewan","2016A000247","Accommodation and food services [72]","Business or organization can take on more debt","Percent","239","units","0","v1304344994","9.16.1","45.3","C","","","1"
"2021","Saskatchewan","2016A000247","Accommodation and food services [72]","Business or organization cannot take on more debt","Percent","239","units","0","v1304344995","9.16.2","25.3","C","","","1"
"2021","Saskatchewan","2016A000247","Accommodation and food services [72]","Business or organization ability to take on more debt, unknown","Percent","239","units","0","v1304344996","9.16.3","29.4","C","","","1"
"2021","Saskatchewan","2016A000247","Other services (except public administration) [81]","Business or organization can take on more debt","Percent","239","units","0","v1304344997","9.17.1","40.1","C","","","1"
"2021","Saskatchewan","2016A000247","Other services (except public administration) [81]","Business or organization cannot take on more debt","Percent","239","units","0","v1304344998","9.17.2","38.0","C","","","1"
"2021","Saskatchewan","2016A000247","Other services (except public administration) [81]","Business or organization ability to take on more debt, unknown","Percent","239","units","0","v1304344999","9.17.3","21.9","C","","","1"
"2021","Saskatchewan","2016A000247","Business or organization size of employment, all employment sizes","Business or organization can take on more debt","Percent","239","units","0","v1304345000","9.18.1","54.2","A","","","1"
"2021","Saskatchewan","2016A000247","Business or organization size of employment, all employment sizes","Business or organization cannot take on more debt","Percent","239","units","0","v1304345001","9.18.2","23.8","A","","","1"
"2021","Saskatchewan","2016A000247","Business or organization size of employment, all employment sizes","Business or organization ability to take on more debt, unknown","Percent","239","units","0","v1304345002","9.18.3","21.9","A","","","1"
"2021","Saskatchewan","2016A000247","1 to 4 employees","Business or organization can take on more debt","Percent","239","units","0","v1304345003","9.19.1","50.1","B","","","1"
"2021","Saskatchewan","2016A000247","1 to 4 employees","Business or organization cannot take on more debt","Percent","239","units","0","v1304345004","9.19.2","28.5","B","","","1"
"2021","Saskatchewan","2016A000247","1 to 4 employees","Business or organization ability to take on more debt, unknown","Percent","239","units","0","v1304345005","9.19.3","21.5","A","","","1"
"2021","Saskatchewan","2016A000247","5 to 19 employees","Business or organization can take on more debt","Percent","239","units","0","v1304345009","9.20.1","57.3","B","","","1"
"2021","Saskatchewan","2016A000247","5 to 19 employees","Business or organization cannot take on more debt","Percent","239","units","0","v1304345010","9.20.2","19.5","B","","","1"
"2021","Saskatchewan","2016A000247","5 to 19 employees","Business or organization ability to take on more debt, unknown","Percent","239","units","0","v1304345011","9.20.3","23.2","B","","","1"
"2021","Saskatchewan","2016A000247","20 to 99 employees","Business or organization can take on more debt","Percent","239","units","0","v1304345012","9.21.1","66.1","B","","","1"
"2021","Saskatchewan","2016A000247","20 to 99 employees","Business or organization cannot take on more debt","Percent","239","units","0","v1304345013","9.21.2","13.9","B","","","1"
"2021","Saskatchewan","2016A000247","20 to 99 employees","Business or organization ability to take on more debt, unknown","Percent","239","units","0","v1304345014","9.21.3","20.0","B","","","1"
"2021","Saskatchewan","2016A000247","100 or more employees","Business or organization can take on more debt","Percent","239","units","0","v1304345015","9.22.1","66.6","B","","","1"
"2021","Saskatchewan","2016A000247","100 or more employees","Business or organization cannot take on more debt","Percent","239","units","0","v1304345016","9.22.2","9.7","A","","","1"
"2021","Saskatchewan","2016A000247","100 or more employees","Business or organization ability to take on more debt, unknown","Percent","239","units","0","v1304345017","9.22.3","23.7","B","","","1"
"2021","Saskatchewan","2016A000247","Business or organization type, all businesses or organizations","Business or organization can take on more debt","Percent","239","units","0","v1304345018","9.23.1","54.2","A","","","1"
"2021","Saskatchewan","2016A000247","Business or organization type, all businesses or organizations","Business or organization cannot take on more debt","Percent","239","units","0","v1304345019","9.23.2","23.8","A","","","1"
"2021","Saskatchewan","2016A000247","Business or organization type, all businesses or organizations","Business or organization ability to take on more debt, unknown","Percent","239","units","0","v1304345020","9.23.3","21.9","A","","","1"
"2021","Saskatchewan","2016A000247","Government agencies","Business or organization can take on more debt","Percent","239","units","0","v1304345021","9.24.1","26.6","E","","","1"
"2021","Saskatchewan","2016A000247","Government agencies","Business or organization cannot take on more debt","Percent","239","units","0","v1304345022","9.24.2","10.0","C","","","1"
"2021","Saskatchewan","2016A000247","Government agencies","Business or organization ability to take on more debt, unknown","Percent","239","units","0","v1304345023","9.24.3","","F","","","1"
"2021","Saskatchewan","2016A000247","Private sector businesses","Business or organization can take on more debt","Percent","239","units","0","v1304345024","9.25.1","56.4","A","","","1"
"2021","Saskatchewan","2016A000247","Private sector businesses","Business or organization cannot take on more debt","Percent","239","units","0","v1304345025","9.25.2","21.5","A","","","1"
"2021","Saskatchewan","2016A000247","Private sector businesses","Business or organization ability to take on more debt, unknown","Percent","239","units","0","v1304345026","9.25.3","22.2","A","","","1"
"2021","Saskatchewan","2016A000247","Non-profit organizations","Business or organization can take on more debt","Percent","239","units","0","v1304345027","9.26.1","38.5","C","","","1"
"2021","Saskatchewan","2016A000247","Non-profit organizations","Business or organization cannot take on more debt","Percent","239","units","0","v1304345028","9.26.2","43.4","C","","","1"
"2021","Saskatchewan","2016A000247","Non-profit organizations","Business or organization ability to take on more debt, unknown","Percent","239","units","0","v1304345029","9.26.3","18.1","B","","","1"
"2021","Saskatchewan","2016A000247","Non-profit organizations serving households or individuals","Business or organization can take on more debt","Percent","239","units","0","v1304345030","9.27.1","39.1","C","","","1"
"2021","Saskatchewan","2016A000247","Non-profit organizations serving households or individuals","Business or organization cannot take on more debt","Percent","239","units","0","v1304345031","9.27.2","41.3","C","","","1"
"2021","Saskatchewan","2016A000247","Non-profit organizations serving households or individuals","Business or organization ability to take on more debt, unknown","Percent","239","units","0","v1304345032","9.27.3","19.5","C","","","1"
"2021","Saskatchewan","2016A000247","Non-profit organizations serving businesses","Business or organization can take on more debt","Percent","239","units","0","v1304345033","9.28.1","32.9","E","","","1"
"2021","Saskatchewan","2016A000247","Non-profit organizations serving businesses","Business or organization cannot take on more debt","Percent","239","units","0","v1304345034","9.28.2","62.5","E","","","1"
"2021","Saskatchewan","2016A000247","Non-profit organizations serving businesses","Business or organization ability to take on more debt, unknown","Percent","239","units","0","v1304345035","9.28.3","4.6","B","","","1"
"2021","Saskatchewan","2016A000247","Age of business or organization, all ages","Business or organization can take on more debt","Percent","239","units","0","v1304345036","9.29.1","54.2","A","","","1"
"2021","Saskatchewan","2016A000247","Age of business or organization, all ages","Business or organization cannot take on more debt","Percent","239","units","0","v1304345037","9.29.2","23.8","A","","","1"
"2021","Saskatchewan","2016A000247","Age of business or organization, all ages","Business or organization ability to take on more debt, unknown","Percent","239","units","0","v1304345038","9.29.3","21.9","A","","","1"
"2021","Saskatchewan","2016A000247","Age of business or organization, 2 years or less","Business or organization can take on more debt","Percent","239","units","0","v1304345042","9.30.1","50.4","E","","","1"
"2021","Saskatchewan","2016A000247","Age of business or organization, 2 years or less","Business or organization cannot take on more debt","Percent","239","units","0","v1304345043","9.30.2","28.5","D","","","1"
"2021","Saskatchewan","2016A000247","Age of business or organization, 2 years or less","Business or organization ability to take on more debt, unknown","Percent","239","units","0","v1304345044","9.30.3","21.0","D","","","1"
"2021","Saskatchewan","2016A000247","Age of business or organization, 3 to 10 years old","Business or organization can take on more debt","Percent","239","units","0","v1304345045","9.31.1","47.8","B","","","1"
"2021","Saskatchewan","2016A000247","Age of business or organization, 3 to 10 years old","Business or organization cannot take on more debt","Percent","239","units","0","v1304345046","9.31.2","24.5","B","","","1"
"2021","Saskatchewan","2016A000247","Age of business or organization, 3 to 10 years old","Business or organization ability to take on more debt, unknown","Percent","239","units","0","v1304345047","9.31.3","27.7","B","","","1"
"2021","Saskatchewan","2016A000247","Age of business or organization, 11 to 20 years old","Business or organization can take on more debt","Percent","239","units","0","v1304345048","9.32.1","57.6","B","","","1"
"2021","Saskatchewan","2016A000247","Age of business or organization, 11 to 20 years old","Business or organization cannot take on more debt","Percent","239","units","0","v1304345049","9.32.2","28.3","B","","","1"
"2021","Saskatchewan","2016A000247","Age of business or organization, 11 to 20 years old","Business or organization ability to take on more debt, unknown","Percent","239","units","0","v1304345050","9.32.3","14.1","B","","","1"
"2021","Saskatchewan","2016A000247","Age of business or organization, more than 20 years old","Business or organization can take on more debt","Percent","239","units","0","v1304345051","9.33.1","57.1","B","","","1"
"2021","Saskatchewan","2016A000247","Age of business or organization, more than 20 years old","Business or organization cannot take on more debt","Percent","239","units","0","v1304345052","9.33.2","20.7","A","","","1"
"2021","Saskatchewan","2016A000247","Age of business or organization, more than 20 years old","Business or organization ability to take on more debt, unknown","Percent","239","units","0","v1304345053","9.33.3","22.3","B","","","1"
"2021","Saskatchewan","2016A000247","Geography, all geography","Business or organization can take on more debt","Percent","239","units","0","v1304345054","9.34.1","54.2","A","","","1"
"2021","Saskatchewan","2016A000247","Geography, all geography","Business or organization cannot take on more debt","Percent","239","units","0","v1304345055","9.34.2","23.8","A","","","1"
"2021","Saskatchewan","2016A000247","Geography, all geography","Business or organization ability to take on more debt, unknown","Percent","239","units","0","v1304345056","9.34.3","21.9","A","","","1"
"2021","Saskatchewan","2016A000247","Urban","Business or organization can take on more debt","Percent","239","units","0","v1304345057","9.35.1","54.7","A","","","1"
"2021","Saskatchewan","2016A000247","Urban","Business or organization cannot take on more debt","Percent","239","units","0","v1304345058","9.35.2","24.0","A","","","1"
"2021","Saskatchewan","2016A000247","Urban","Business or organization ability to take on more debt, unknown","Percent","239","units","0","v1304345059","9.35.3","21.3","A","","","1"
"2021","Saskatchewan","2016A000247","Rural","Business or organization can take on more debt","Percent","239","units","0","v1304345060","9.36.1","53.4","B","","","1"
"2021","Saskatchewan","2016A000247","Rural","Business or organization cannot take on more debt","Percent","239","units","0","v1304345061","9.36.2","23.6","B","","","1"
"2021","Saskatchewan","2016A000247","Rural","Business or organization ability to take on more debt, unknown","Percent","239","units","0","v1304345062","9.36.3","23.0","B","","","1"
"2021","Saskatchewan","2016A000247","Majority ownership, all ownerships","Business or organization can take on more debt","Percent","239","units","0","v1304345063","9.37.1","56.4","A","","","1"
"2021","Saskatchewan","2016A000247","Majority ownership, all ownerships","Business or organization cannot take on more debt","Percent","239","units","0","v1304345064","9.37.2","21.5","A","","","1"
"2021","Saskatchewan","2016A000247","Majority ownership, all ownerships","Business or organization ability to take on more debt, unknown","Percent","239","units","0","v1304345065","9.37.3","22.2","A","","","1"
"2021","Saskatchewan","2016A000247","Majority ownership, woman","Business or organization can take on more debt","Percent","239","units","0","v1304345066","9.38.1","51.8","C","","","1"
"2021","Saskatchewan","2016A000247","Majority ownership, woman","Business or organization cannot take on more debt","Percent","239","units","0","v1304345067","9.38.2","21.1","B","","","1"
"2021","Saskatchewan","2016A000247","Majority ownership, woman","Business or organization ability to take on more debt, unknown","Percent","239","units","0","v1304345068","9.38.3","27.1","B","","","1"
"2021","Saskatchewan","2016A000247","Majority ownership, First Nations, Métis or Inuit","Business or organization can take on more debt","Percent","239","units","0","v1304345069","9.39.1","51.3","E","","","1"
"2021","Saskatchewan","2016A000247","Majority ownership, First Nations, Métis or Inuit","Business or organization cannot take on more debt","Percent","239","units","0","v1304345070","9.39.2","24.7","E","","","1"
"2021","Saskatchewan","2016A000247","Majority ownership, First Nations, Métis or Inuit","Business or organization ability to take on more debt, unknown","Percent","239","units","0","v1304345071","9.39.3","24.0","D","","","1"
"2021","Saskatchewan","2016A000247","Majority ownership, immigrant to Canada","Business or organization can take on more debt","Percent","239","units","0","v1304345075","9.40.1","43.7","C","","","1"
"2021","Saskatchewan","2016A000247","Majority ownership, immigrant to Canada","Business or organization cannot take on more debt","Percent","239","units","0","v1304345076","9.40.2","31.3","C","","","1"
"2021","Saskatchewan","2016A000247","Majority ownership, immigrant to Canada","Business or organization ability to take on more debt, unknown","Percent","239","units","0","v1304345077","9.40.3","25.0","C","","","1"
"2021","Saskatchewan","2016A000247","Majority ownership, person with a disability","Business or organization can take on more debt","Percent","239","units","0","v1304345078","9.41.1","23.1","E","","","1"
"2021","Saskatchewan","2016A000247","Majority ownership, person with a disability","Business or organization cannot take on more debt","Percent","239","units","0","v1304345079","9.41.2","14.9","D","","","1"
"2021","Saskatchewan","2016A000247","Majority ownership, person with a disability","Business or organization ability to take on more debt, unknown","Percent","239","units","0","v1304345080","9.41.3","","F","","","1"
"2021","Saskatchewan","2016A000247","Majority ownership, member of LGBTQ2 community","Business or organization can take on more debt","Percent","239","units","0","v1304345081","9.42.1","","F","","","1"
"2021","Saskatchewan","2016A000247","Majority ownership, member of LGBTQ2 community","Business or organization cannot take on more debt","Percent","239","units","0","v1304345082","9.42.2","4.8","A","","","1"
"2021","Saskatchewan","2016A000247","Majority ownership, member of LGBTQ2 community","Business or organization ability to take on more debt, unknown","Percent","239","units","0","v1304345083","9.42.3","","F","","","1"
"2021","Saskatchewan","2016A000247","Majority ownership, visible minority","Business or organization can take on more debt","Percent","239","units","0","v1304345084","9.43.1","55.1","C","","","1"
"2021","Saskatchewan","2016A000247","Majority ownership, visible minority","Business or organization cannot take on more debt","Percent","239","units","0","v1304345085","9.43.2","27.0","C","","","1"
"2021","Saskatchewan","2016A000247","Majority ownership, visible minority","Business or organization ability to take on more debt, unknown","Percent","239","units","0","v1304345086","9.43.3","17.9","C","","","1"
"2021","Saskatchewan","2016A000247","Ownership by visible minority, all visible minorities","Business or organization can take on more debt","Percent","239","units","0","v1304345087","9.44.1","55.1","C","","","1"
"2021","Saskatchewan","2016A000247","Ownership by visible minority, all visible minorities","Business or organization cannot take on more debt","Percent","239","units","0","v1304345088","9.44.2","27.0","C","","","1"
"2021","Saskatchewan","2016A000247","Ownership by visible minority, all visible minorities","Business or organization ability to take on more debt, unknown","Percent","239","units","0","v1304345089","9.44.3","17.9","C","","","1"
"2021","Saskatchewan","2016A000247","Ownership by visible minority, South Asian","Business or organization can take on more debt","Percent","239","units","0","v1304345090","9.45.1","53.0","E","","","1"
"2021","Saskatchewan","2016A000247","Ownership by visible minority, South Asian","Business or organization cannot take on more debt","Percent","239","units","0","v1304345091","9.45.2","33.0","E","","","1"
"2021","Saskatchewan","2016A000247","Ownership by visible minority, South Asian","Business or organization ability to take on more debt, unknown","Percent","239","units","0","v1304345092","9.45.3","14.0","D","","","1"
"2021","Saskatchewan","2016A000247","Ownership by visible minority, Chinese","Business or organization can take on more debt","Percent","239","units","0","v1304345093","9.46.1","64.2","E","","","1"
"2021","Saskatchewan","2016A000247","Ownership by visible minority, Chinese","Business or organization cannot take on more debt","Percent","239","units","0","v1304345094","9.46.2","18.7","D","","","1"
"2021","Saskatchewan","2016A000247","Ownership by visible minority, Chinese","Business or organization ability to take on more debt, unknown","Percent","239","units","0","v1304345095","9.46.3","17.1","D","","","1"
"2021","Saskatchewan","2016A000247","Ownership by visible minority, Black","Business or organization can take on more debt","Percent","239","units","0","v1304345096","9.47.1","","F","","","1"
"2021","Saskatchewan","2016A000247","Ownership by visible minority, Black","Business or organization cannot take on more debt","Percent","239","units","0","v1304345097","9.47.2","","F","","","1"
"2021","Saskatchewan","2016A000247","Ownership by visible minority, Black","Business or organization ability to take on more debt, unknown","Percent","239","units","0","v1304345098","9.47.3","","F","","","1"
"2021","Saskatchewan","2016A000247","Ownership by visible minority, Filipino","Business or organization can take on more debt","Percent","239","units","0","v1304345099","9.48.1","","F","","","1"
"2021","Saskatchewan","2016A000247","Ownership by visible minority, Filipino","Business or organization cannot take on more debt","Percent","239","units","0","v1304345100","9.48.2","","F","","","1"
"2021","Saskatchewan","2016A000247","Ownership by visible minority, Filipino","Business or organization ability to take on more debt, unknown","Percent","239","units","0","v1304345101","9.48.3","0.0","A","","","1"
"2021","Saskatchewan","2016A000247","Ownership by visible minority, Latin American","Business or organization can take on more debt","Percent","239","units","0","v1304345102","9.49.1","100.0","A","","","1"
"2021","Saskatchewan","2016A000247","Ownership by visible minority, Latin American","Business or organization cannot take on more debt","Percent","239","units","0","v1304345103","9.49.2","0.0","A","","","1"
"2021","Saskatchewan","2016A000247","Ownership by visible minority, Latin American","Business or organization ability to take on more debt, unknown","Percent","239","units","0","v1304345104","9.49.3","0.0","A","","","1"
"2021","Saskatchewan","2016A000247","Ownership by visible minority, Arab","Business or organization can take on more debt","Percent","239","units","0","v1304345108","9.50.1","","F","","","1"
"2021","Saskatchewan","2016A000247","Ownership by visible minority, Arab","Business or organization cannot take on more debt","Percent","239","units","0","v1304345109","9.50.2","","F","","","1"
"2021","Saskatchewan","2016A000247","Ownership by visible minority, Arab","Business or organization ability to take on more debt, unknown","Percent","239","units","0","v1304345110","9.50.3","0.0","A","","","1"
"2021","Saskatchewan","2016A000247","Ownership by visible minority, Southeast Asian","Business or organization can take on more debt","Percent","239","units","0","v1304345111","9.51.1","99.3","A","","","1"
"2021","Saskatchewan","2016A000247","Ownership by visible minority, Southeast Asian","Business or organization cannot take on more debt","Percent","239","units","0","v1304345112","9.51.2","0.7","A","","","1"
"2021","Saskatchewan","2016A000247","Ownership by visible minority, Southeast Asian","Business or organization ability to take on more debt, unknown","Percent","239","units","0","v1304345113","9.51.3","0.0","A","","","1"
"2021","Saskatchewan","2016A000247","Ownership by visible minority, West Asian","Business or organization can take on more debt","Percent","239","units","0","v1304345114","9.52.1","93.0","D","","","1"
"2021","Saskatchewan","2016A000247","Ownership by visible minority, West Asian","Business or organization cannot take on more debt","Percent","239","units","0","v1304345115","9.52.2","0.0","A","","","1"
"2021","Saskatchewan","2016A000247","Ownership by visible minority, West Asian","Business or organization ability to take on more debt, unknown","Percent","239","units","0","v1304345116","9.52.3","7.0","D","","","1"
"2021","Saskatchewan","2016A000247","Ownership by visible minority, Korean","Business or organization can take on more debt","Percent","239","units","0","v1304345117","9.53.1","","F","","","1"
"2021","Saskatchewan","2016A000247","Ownership by visible minority, Korean","Business or organization cannot take on more debt","Percent","239","units","0","v1304345118","9.53.2","21.7","E","","","1"
"2021","Saskatchewan","2016A000247","Ownership by visible minority, Korean","Business or organization ability to take on more debt, unknown","Percent","239","units","0","v1304345119","9.53.3","","F","","","1"
"2021","Saskatchewan","2016A000247","Ownership by visible minority, Japanese","Business or organization can take on more debt","Percent","239","units","0","v1304345120","9.54.1","100.0","A","","","1"
"2021","Saskatchewan","2016A000247","Ownership by visible minority, Japanese","Business or organization cannot take on more debt","Percent","239","units","0","v1304345121","9.54.2","0.0","A","","","1"
"2021","Saskatchewan","2016A000247","Ownership by visible minority, Japanese","Business or organization ability to take on more debt, unknown","Percent","239","units","0","v1304345122","9.54.3","0.0","A","","","1"
"2021","Saskatchewan","2016A000247","Ownership by visible minority, other visible minority","Business or organization can take on more debt","Percent","239","units","0","v1304345123","9.55.1","100.0","A","","","1"
"2021","Saskatchewan","2016A000247","Ownership by visible minority, other visible minority","Business or organization cannot take on more debt","Percent","239","units","0","v1304345124","9.55.2","0.0","A","","","1"
"2021","Saskatchewan","2016A000247","Ownership by visible minority, other visible minority","Business or organization ability to take on more debt, unknown","Percent","239","units","0","v1304345125","9.55.3","0.0","A","","","1"
"2021","Saskatchewan","2016A000247","Ownership by visible minority, preferred not to say","Business or organization can take on more debt","Percent","239","units","0","v1304345126","9.56.1","","F","","","1"
"2021","Saskatchewan","2016A000247","Ownership by visible minority, preferred not to say","Business or organization cannot take on more debt","Percent","239","units","0","v1304345127","9.56.2","2.2","A","","","1"
"2021","Saskatchewan","2016A000247","Ownership by visible minority, preferred not to say","Business or organization ability to take on more debt, unknown","Percent","239","units","0","v1304345128","9.56.3","","F","","","1"
"2021","Saskatchewan","2016A000247","Business or organization activity in the last 12 months, all business or organization activities","Business or organization can take on more debt","Percent","239","units","0","v1304345129","9.57.1","54.2","A","","","1"
"2021","Saskatchewan","2016A000247","Business or organization activity in the last 12 months, all business or organization activities","Business or organization cannot take on more debt","Percent","239","units","0","v1304345130","9.57.2","23.8","A","","","1"
"2021","Saskatchewan","2016A000247","Business or organization activity in the last 12 months, all business or organization activities","Business or organization ability to take on more debt, unknown","Percent","239","units","0","v1304345131","9.57.3","21.9","A","","","1"
"2021","Saskatchewan","2016A000247","Exported goods outside of Canada","Business or organization can take on more debt","Percent","239","units","0","v1304345132","9.58.1","79.5","C","","","1"
"2021","Saskatchewan","2016A000247","Exported goods outside of Canada","Business or organization cannot take on more debt","Percent","239","units","0","v1304345133","9.58.2","5.6","B","","","1"
"2021","Saskatchewan","2016A000247","Exported goods outside of Canada","Business or organization ability to take on more debt, unknown","Percent","239","units","0","v1304345134","9.58.3","14.9","C","","","1"
"2021","Saskatchewan","2016A000247","Exported services outside of Canada","Business or organization can take on more debt","Percent","239","units","0","v1304345135","9.59.1","61.6","E","","","1"
"2021","Saskatchewan","2016A000247","Exported services outside of Canada","Business or organization cannot take on more debt","Percent","239","units","0","v1304345136","9.59.2","17.7","C","","","1"
"2021","Saskatchewan","2016A000247","Exported services outside of Canada","Business or organization ability to take on more debt, unknown","Percent","239","units","0","v1304345137","9.59.3","20.6","D","","","1"
"2021","Saskatchewan","2016A000247","Made investments outside of Canada","Business or organization can take on more debt","Percent","239","units","0","v1304345141","9.60.1","86.0","E","","","1"
"2021","Saskatchewan","2016A000247","Made investments outside of Canada","Business or organization cannot take on more debt","Percent","239","units","0","v1304345142","9.60.2","14.0","E","","","1"
"2021","Saskatchewan","2016A000247","Made investments outside of Canada","Business or organization ability to take on more debt, unknown","Percent","239","units","0","v1304345143","9.60.3","0.0","A","","","1"
"2021","Saskatchewan","2016A000247","Sold goods to businesses in Canada who then resold them outside of Canada","Business or organization can take on more debt","Percent","239","units","0","v1304345144","9.61.1","65.3","E","","","1"
"2021","Saskatchewan","2016A000247","Sold goods to businesses in Canada who then resold them outside of Canada","Business or organization cannot take on more debt","Percent","239","units","0","v1304345145","9.61.2","3.1","A","","","1"
"2021","Saskatchewan","2016A000247","Sold goods to businesses in Canada who then resold them outside of Canada","Business or organization ability to take on more debt, unknown","Percent","239","units","0","v1304345146","9.61.3","31.7","E","","","1"
"2021","Saskatchewan","2016A000247","Imported goods from outside of Canada","Business or organization can take on more debt","Percent","239","units","0","v1304345147","9.62.1","72.3","B","","","1"
"2021","Saskatchewan","2016A000247","Imported goods from outside of Canada","Business or organization cannot take on more debt","Percent","239","units","0","v1304345148","9.62.2","9.5","B","","","1"
"2021","Saskatchewan","2016A000247","Imported goods from outside of Canada","Business or organization ability to take on more debt, unknown","Percent","239","units","0","v1304345149","9.62.3","18.1","B","","","1"
"2021","Saskatchewan","2016A000247","Imported services from outside of Canada","Business or organization can take on more debt","Percent","239","units","0","v1304345150","9.63.1","83.6","B","","","1"
"2021","Saskatchewan","2016A000247","Imported services from outside of Canada","Business or organization cannot take on more debt","Percent","239","units","0","v1304345151","9.63.2","5.2","B","","","1"
"2021","Saskatchewan","2016A000247","Imported services from outside of Canada","Business or organization ability to take on more debt, unknown","Percent","239","units","0","v1304345152","9.63.3","11.2","B","","","1"
"2021","Saskatchewan","2016A000247","Relocated any business or organizational activities or employees from another country into Canada","Business or organization can take on more debt","Percent","239","units","0","v1304345153","9.64.1","","F","","","1"
"2021","Saskatchewan","2016A000247","Relocated any business or organizational activities or employees from another country into Canada","Business or organization cannot take on more debt","Percent","239","units","0","v1304345154","9.64.2","0.0","A","","","1"
"2021","Saskatchewan","2016A000247","Relocated any business or organizational activities or employees from another country into Canada","Business or organization ability to take on more debt, unknown","Percent","239","units","0","v1304345155","9.64.3","","F","","","1"
"2021","Saskatchewan","2016A000247","Engaged in other international business activities","Business or organization can take on more debt","Percent","239","units","0","v1304345156","9.65.1","","F","","","1"
"2021","Saskatchewan","2016A000247","Engaged in other international business activities","Business or organization cannot take on more debt","Percent","239","units","0","v1304345157","9.65.2","","F","","","1"
"2021","Saskatchewan","2016A000247","Engaged in other international business activities","Business or organization ability to take on more debt, unknown","Percent","239","units","0","v1304345158","9.65.3","0.0","A","","","1"
"2021","Saskatchewan","2016A000247","Business or organization activity, none or other","Business or organization can take on more debt","Percent","239","units","0","v1304345159","9.66.1","50.1","A","","","1"
"2021","Saskatchewan","2016A000247","Business or organization activity, none or other","Business or organization cannot take on more debt","Percent","239","units","0","v1304345160","9.66.2","27.8","A","","","1"
"2021","Saskatchewan","2016A000247","Business or organization activity, none or other","Business or organization ability to take on more debt, unknown","Percent","239","units","0","v1304345161","9.66.3","22.1","A","","","1"


