﻿"REF_DATE","GEO","DGUID","Business characteristics","Change in average wages paid","UOM","UOM_ID","SCALAR_FACTOR","SCALAR_ID","VECTOR","COORDINATE","VALUE","STATUS","SYMBOL","TERMINATED","DECIMALS"
"2021","Canada","2016A000011124","North American Industry Classification System (NAICS), all industries","Average percentage increase expected in average wage","Percent","239","units","0","v1304322071","1.1.1","8.1","A","","","1"
"2021","Canada","2016A000011124","North American Industry Classification System (NAICS), all industries","Average percentage decrease expected in average wage","Percent","239","units","0","v1304322072","1.1.2","32.4","B","","","1"
"2021","Canada","2016A000011124","Agriculture, forestry, fishing and hunting [11]","Average percentage increase expected in average wage","Percent","239","units","0","v1304322093","1.2.1","9.2","A","","","1"
"2021","Canada","2016A000011124","Agriculture, forestry, fishing and hunting [11]","Average percentage decrease expected in average wage","Percent","239","units","0","v1304322094","1.2.2","25.5","B","","","1"
"2021","Canada","2016A000011124","Mining, quarrying, and oil and gas extraction [21]","Average percentage increase expected in average wage","Percent","239","units","0","v1304322115","1.3.1","8.3","A","","","1"
"2021","Canada","2016A000011124","Mining, quarrying, and oil and gas extraction [21]","Average percentage decrease expected in average wage","Percent","239","units","0","v1304322116","1.3.2","30.4","D","","","1"
"2021","Canada","2016A000011124","Construction [23]","Average percentage increase expected in average wage","Percent","239","units","0","v1304322137","1.4.1","8.1","A","","","1"
"2021","Canada","2016A000011124","Construction [23]","Average percentage decrease expected in average wage","Percent","239","units","0","v1304322138","1.4.2","9.7","B","","","1"
"2021","Canada","2016A000011124","Manufacturing [31-33]","Average percentage increase expected in average wage","Percent","239","units","0","v1304322159","1.5.1","7.0","A","","","1"
"2021","Canada","2016A000011124","Manufacturing [31-33]","Average percentage decrease expected in average wage","Percent","239","units","0","v1304322160","1.5.2","27.4","E","","","1"
"2021","Canada","2016A000011124","Wholesale trade [41]","Average percentage increase expected in average wage","Percent","239","units","0","v1304322181","1.6.1","7.1","A","","","1"
"2021","Canada","2016A000011124","Wholesale trade [41]","Average percentage decrease expected in average wage","Percent","239","units","0","v1304322182","1.6.2","19.9","A","","","1"
"2021","Canada","2016A000011124","Retail trade [44-45]","Average percentage increase expected in average wage","Percent","239","units","0","v1304322197","1.7.1","7.3","A","","","1"
"2021","Canada","2016A000011124","Retail trade [44-45]","Average percentage decrease expected in average wage","Percent","239","units","0","v1304322198","1.7.2","","F","","","1"
"2021","Canada","2016A000011124","Transportation and warehousing [48-49]","Average percentage increase expected in average wage","Percent","239","units","0","v1304322199","1.8.1","8.6","A","","","1"
"2021","Canada","2016A000011124","Transportation and warehousing [48-49]","Average percentage decrease expected in average wage","Percent","239","units","0","v1304322200","1.8.2","19.2","A","","","1"
"2021","Canada","2016A000011124","Information and cultural industries [51]","Average percentage increase expected in average wage","Percent","239","units","0","v1304322201","1.9.1","7.7","A","","","1"
"2021","Canada","2016A000011124","Information and cultural industries [51]","Average percentage decrease expected in average wage","Percent","239","units","0","v1304322202","1.9.2","20.3","B","","","1"
"2021","Canada","2016A000011124","Finance and insurance [52]","Average percentage increase expected in average wage","Percent","239","units","0","v1304322073","1.10.1","6.7","A","","","1"
"2021","Canada","2016A000011124","Finance and insurance [52]","Average percentage decrease expected in average wage","Percent","239","units","0","v1304322074","1.10.2","23.9","B","","","1"
"2021","Canada","2016A000011124","Real estate and rental and leasing [53]","Average percentage increase expected in average wage","Percent","239","units","0","v1304322075","1.11.1","7.6","A","","","1"
"2021","Canada","2016A000011124","Real estate and rental and leasing [53]","Average percentage decrease expected in average wage","Percent","239","units","0","v1304322076","1.11.2","15.1","B","","","1"
"2021","Canada","2016A000011124","Professional, scientific and technical services [54]","Average percentage increase expected in average wage","Percent","239","units","0","v1304322077","1.12.1","8.7","A","","","1"
"2021","Canada","2016A000011124","Professional, scientific and technical services [54]","Average percentage decrease expected in average wage","Percent","239","units","0","v1304322078","1.12.2","30.0","B","","","1"
"2021","Canada","2016A000011124","Administrative and support, waste management and remediation services [56]","Average percentage increase expected in average wage","Percent","239","units","0","v1304322079","1.13.1","8.7","A","","","1"
"2021","Canada","2016A000011124","Administrative and support, waste management and remediation services [56]","Average percentage decrease expected in average wage","Percent","239","units","0","v1304322080","1.13.2","45.5","D","","","1"
"2021","Canada","2016A000011124","Health care and social assistance [62]","Average percentage increase expected in average wage","Percent","239","units","0","v1304322081","1.14.1","8.1","A","","","1"
"2021","Canada","2016A000011124","Health care and social assistance [62]","Average percentage decrease expected in average wage","Percent","239","units","0","v1304322082","1.14.2","","F","","","1"
"2021","Canada","2016A000011124","Arts, entertainment and recreation [71]","Average percentage increase expected in average wage","Percent","239","units","0","v1304322083","1.15.1","8.2","A","","","1"
"2021","Canada","2016A000011124","Arts, entertainment and recreation [71]","Average percentage decrease expected in average wage","Percent","239","units","0","v1304322084","1.15.2","29.2","B","","","1"
"2021","Canada","2016A000011124","Accommodation and food services [72]","Average percentage increase expected in average wage","Percent","239","units","0","v1304322085","1.16.1","10.4","A","","","1"
"2021","Canada","2016A000011124","Accommodation and food services [72]","Average percentage decrease expected in average wage","Percent","239","units","0","v1304322086","1.16.2","26.1","B","","","1"
"2021","Canada","2016A000011124","Other services (except public administration) [81]","Average percentage increase expected in average wage","Percent","239","units","0","v1304322087","1.17.1","7.3","A","","","1"
"2021","Canada","2016A000011124","Other services (except public administration) [81]","Average percentage decrease expected in average wage","Percent","239","units","0","v1304322088","1.17.2","24.5","C","","","1"
"2021","Canada","2016A000011124","Business or organization size of employment, all employment sizes","Average percentage increase expected in average wage","Percent","239","units","0","v1304322089","1.18.1","8.1","A","","","1"
"2021","Canada","2016A000011124","Business or organization size of employment, all employment sizes","Average percentage decrease expected in average wage","Percent","239","units","0","v1304322090","1.18.2","32.4","B","","","1"
"2021","Canada","2016A000011124","1 to 4 employees","Average percentage increase expected in average wage","Percent","239","units","0","v1304322091","1.19.1","9.1","A","","","1"
"2021","Canada","2016A000011124","1 to 4 employees","Average percentage decrease expected in average wage","Percent","239","units","0","v1304322092","1.19.2","31.9","B","","","1"
"2021","Canada","2016A000011124","5 to 19 employees","Average percentage increase expected in average wage","Percent","239","units","0","v1304322095","1.20.1","7.6","A","","","1"
"2021","Canada","2016A000011124","5 to 19 employees","Average percentage decrease expected in average wage","Percent","239","units","0","v1304322096","1.20.2","37.0","D","","","1"
"2021","Canada","2016A000011124","20 to 99 employees","Average percentage increase expected in average wage","Percent","239","units","0","v1304322097","1.21.1","7.4","A","","","1"
"2021","Canada","2016A000011124","20 to 99 employees","Average percentage decrease expected in average wage","Percent","239","units","0","v1304322098","1.21.2","","F","","","1"
"2021","Canada","2016A000011124","100 or more employees","Average percentage increase expected in average wage","Percent","239","units","0","v1304322099","1.22.1","5.0","A","","","1"
"2021","Canada","2016A000011124","100 or more employees","Average percentage decrease expected in average wage","Percent","239","units","0","v1304322100","1.22.2","4.0","A","","","1"
"2021","Canada","2016A000011124","Business or organization type, all businesses or organizations","Average percentage increase expected in average wage","Percent","239","units","0","v1304322101","1.23.1","8.1","A","","","1"
"2021","Canada","2016A000011124","Business or organization type, all businesses or organizations","Average percentage decrease expected in average wage","Percent","239","units","0","v1304322102","1.23.2","32.4","B","","","1"
"2021","Canada","2016A000011124","Government agencies","Average percentage increase expected in average wage","Percent","239","units","0","v1304322103","1.24.1","6.2","A","","","1"
"2021","Canada","2016A000011124","Government agencies","Average percentage decrease expected in average wage","Percent","239","units","0","v1304322104","1.24.2","2.0","A","","","1"
"2021","Canada","2016A000011124","Private sector businesses","Average percentage increase expected in average wage","Percent","239","units","0","v1304322105","1.25.1","8.2","A","","","1"
"2021","Canada","2016A000011124","Private sector businesses","Average percentage decrease expected in average wage","Percent","239","units","0","v1304322106","1.25.2","32.6","B","","","1"
"2021","Canada","2016A000011124","Non-profit organizations","Average percentage increase expected in average wage","Percent","239","units","0","v1304322107","1.26.1","7.0","A","","","1"
"2021","Canada","2016A000011124","Non-profit organizations","Average percentage decrease expected in average wage","Percent","239","units","0","v1304322108","1.26.2","10.9","C","","","1"
"2021","Canada","2016A000011124","Non-profit organizations serving households or individuals","Average percentage increase expected in average wage","Percent","239","units","0","v1304322109","1.27.1","7.0","A","","","1"
"2021","Canada","2016A000011124","Non-profit organizations serving households or individuals","Average percentage decrease expected in average wage","Percent","239","units","0","v1304322110","1.27.2","20.5","B","","","1"
"2021","Canada","2016A000011124","Non-profit organizations serving businesses","Average percentage increase expected in average wage","Percent","239","units","0","v1304322111","1.28.1","6.7","A","","","1"
"2021","Canada","2016A000011124","Non-profit organizations serving businesses","Average percentage decrease expected in average wage","Percent","239","units","0","v1304322112","1.28.2","2.0","A","","","1"
"2021","Canada","2016A000011124","Age of business or organization, all ages","Average percentage increase expected in average wage","Percent","239","units","0","v1304322113","1.29.1","8.1","A","","","1"
"2021","Canada","2016A000011124","Age of business or organization, all ages","Average percentage decrease expected in average wage","Percent","239","units","0","v1304322114","1.29.2","32.4","B","","","1"
"2021","Canada","2016A000011124","Age of business or organization, 2 years or less","Average percentage increase expected in average wage","Percent","239","units","0","v1304322117","1.30.1","7.5","A","","","1"
"2021","Canada","2016A000011124","Age of business or organization, 2 years or less","Average percentage decrease expected in average wage","Percent","239","units","0","v1304322118","1.30.2","23.1","E","","","1"
"2021","Canada","2016A000011124","Age of business or organization, 3 to 10 years old","Average percentage increase expected in average wage","Percent","239","units","0","v1304322119","1.31.1","9.2","A","","","1"
"2021","Canada","2016A000011124","Age of business or organization, 3 to 10 years old","Average percentage decrease expected in average wage","Percent","239","units","0","v1304322120","1.31.2","28.4","B","","","1"
"2021","Canada","2016A000011124","Age of business or organization, 11 to 20 years old","Average percentage increase expected in average wage","Percent","239","units","0","v1304322121","1.32.1","8.9","A","","","1"
"2021","Canada","2016A000011124","Age of business or organization, 11 to 20 years old","Average percentage decrease expected in average wage","Percent","239","units","0","v1304322122","1.32.2","29.6","C","","","1"
"2021","Canada","2016A000011124","Age of business or organization, more than 20 years old","Average percentage increase expected in average wage","Percent","239","units","0","v1304322123","1.33.1","6.9","A","","","1"
"2021","Canada","2016A000011124","Age of business or organization, more than 20 years old","Average percentage decrease expected in average wage","Percent","239","units","0","v1304322124","1.33.2","45.5","E","","","1"
"2021","Canada","2016A000011124","Geography, all geography","Average percentage increase expected in average wage","Percent","239","units","0","v1304322125","1.34.1","8.1","A","","","1"
"2021","Canada","2016A000011124","Geography, all geography","Average percentage decrease expected in average wage","Percent","239","units","0","v1304322126","1.34.2","32.4","B","","","1"
"2021","Canada","2016A000011124","Urban","Average percentage increase expected in average wage","Percent","239","units","0","v1304322127","1.35.1","8.2","A","","","1"
"2021","Canada","2016A000011124","Urban","Average percentage decrease expected in average wage","Percent","239","units","0","v1304322128","1.35.2","31.0","B","","","1"
"2021","Canada","2016A000011124","Rural","Average percentage increase expected in average wage","Percent","239","units","0","v1304322129","1.36.1","7.7","A","","","1"
"2021","Canada","2016A000011124","Rural","Average percentage decrease expected in average wage","Percent","239","units","0","v1304322130","1.36.2","","F","","","1"
"2021","Canada","2016A000011124","Majority ownership, all ownerships","Average percentage increase expected in average wage","Percent","239","units","0","v1304322131","1.37.1","8.2","A","","","1"
"2021","Canada","2016A000011124","Majority ownership, all ownerships","Average percentage decrease expected in average wage","Percent","239","units","0","v1304322132","1.37.2","32.6","B","","","1"
"2021","Canada","2016A000011124","Majority ownership, woman","Average percentage increase expected in average wage","Percent","239","units","0","v1304322133","1.38.1","8.7","A","","","1"
"2021","Canada","2016A000011124","Majority ownership, woman","Average percentage decrease expected in average wage","Percent","239","units","0","v1304322134","1.38.2","37.1","D","","","1"
"2021","Canada","2016A000011124","Majority ownership, First Nations, Métis or Inuit","Average percentage increase expected in average wage","Percent","239","units","0","v1304322135","1.39.1","7.7","A","","","1"
"2021","Canada","2016A000011124","Majority ownership, First Nations, Métis or Inuit","Average percentage decrease expected in average wage","Percent","239","units","0","v1304322136","1.39.2","16.9","B","","","1"
"2021","Canada","2016A000011124","Majority ownership, immigrant to Canada","Average percentage increase expected in average wage","Percent","239","units","0","v1304322139","1.40.1","9.1","A","","","1"
"2021","Canada","2016A000011124","Majority ownership, immigrant to Canada","Average percentage decrease expected in average wage","Percent","239","units","0","v1304322140","1.40.2","24.9","B","","","1"
"2021","Canada","2016A000011124","Majority ownership, person with a disability","Average percentage increase expected in average wage","Percent","239","units","0","v1304322141","1.41.1","10.4","A","","","1"
"2021","Canada","2016A000011124","Majority ownership, person with a disability","Average percentage decrease expected in average wage","Percent","239","units","0","v1304322142","1.41.2","99.2","A","","","1"
"2021","Canada","2016A000011124","Majority ownership, member of LGBTQ2 community","Average percentage increase expected in average wage","Percent","239","units","0","v1304322143","1.42.1","8.9","A","","","1"
"2021","Canada","2016A000011124","Majority ownership, member of LGBTQ2 community","Average percentage decrease expected in average wage","Percent","239","units","0","v1304322144","1.42.2","11.1","B","","","1"
"2021","Canada","2016A000011124","Majority ownership, visible minority","Average percentage increase expected in average wage","Percent","239","units","0","v1304322145","1.43.1","9.5","A","","","1"
"2021","Canada","2016A000011124","Majority ownership, visible minority","Average percentage decrease expected in average wage","Percent","239","units","0","v1304322146","1.43.2","20.6","B","","","1"
"2021","Canada","2016A000011124","Ownership by visible minority, all visible minorities","Average percentage increase expected in average wage","Percent","239","units","0","v1304322147","1.44.1","9.5","A","","","1"
"2021","Canada","2016A000011124","Ownership by visible minority, all visible minorities","Average percentage decrease expected in average wage","Percent","239","units","0","v1304322148","1.44.2","20.6","B","","","1"
"2021","Canada","2016A000011124","Ownership by visible minority, South Asian","Average percentage increase expected in average wage","Percent","239","units","0","v1304322149","1.45.1","8.4","A","","","1"
"2021","Canada","2016A000011124","Ownership by visible minority, South Asian","Average percentage decrease expected in average wage","Percent","239","units","0","v1304322150","1.45.2","","F","","","1"
"2021","Canada","2016A000011124","Ownership by visible minority, Chinese","Average percentage increase expected in average wage","Percent","239","units","0","v1304322151","1.46.1","9.2","A","","","1"
"2021","Canada","2016A000011124","Ownership by visible minority, Chinese","Average percentage decrease expected in average wage","Percent","239","units","0","v1304322152","1.46.2","14.5","C","","","1"
"2021","Canada","2016A000011124","Ownership by visible minority, Black","Average percentage increase expected in average wage","Percent","239","units","0","v1304322153","1.47.1","16.8","B","","","1"
"2021","Canada","2016A000011124","Ownership by visible minority, Black","Average percentage decrease expected in average wage","Percent","239","units","0","v1304322154","1.47.2","20.7","A","","","1"
"2021","Canada","2016A000011124","Ownership by visible minority, Filipino","Average percentage increase expected in average wage","Percent","239","units","0","v1304322155","1.48.1","10.4","B","","","1"
"2021","Canada","2016A000011124","Ownership by visible minority, Filipino","Average percentage decrease expected in average wage","Percent","239","units","0","v1304322156","1.48.2","","..","","","1"
"2021","Canada","2016A000011124","Ownership by visible minority, Latin American","Average percentage increase expected in average wage","Percent","239","units","0","v1304322157","1.49.1","8.7","A","","","1"
"2021","Canada","2016A000011124","Ownership by visible minority, Latin American","Average percentage decrease expected in average wage","Percent","239","units","0","v1304322158","1.49.2","","..","","","1"
"2021","Canada","2016A000011124","Ownership by visible minority, Arab","Average percentage increase expected in average wage","Percent","239","units","0","v1304322161","1.50.1","7.9","A","","","1"
"2021","Canada","2016A000011124","Ownership by visible minority, Arab","Average percentage decrease expected in average wage","Percent","239","units","0","v1304322162","1.50.2","24.9","A","","","1"
"2021","Canada","2016A000011124","Ownership by visible minority, Southeast Asian","Average percentage increase expected in average wage","Percent","239","units","0","v1304322163","1.51.1","8.6","A","","","1"
"2021","Canada","2016A000011124","Ownership by visible minority, Southeast Asian","Average percentage decrease expected in average wage","Percent","239","units","0","v1304322164","1.51.2","29.7","C","","","1"
"2021","Canada","2016A000011124","Ownership by visible minority, West Asian","Average percentage increase expected in average wage","Percent","239","units","0","v1304322165","1.52.1","6.7","A","","","1"
"2021","Canada","2016A000011124","Ownership by visible minority, West Asian","Average percentage decrease expected in average wage","Percent","239","units","0","v1304322166","1.52.2","20.0","A","","","1"
"2021","Canada","2016A000011124","Ownership by visible minority, Korean","Average percentage increase expected in average wage","Percent","239","units","0","v1304322167","1.53.1","8.8","A","","","1"
"2021","Canada","2016A000011124","Ownership by visible minority, Korean","Average percentage decrease expected in average wage","Percent","239","units","0","v1304322168","1.53.2","30.0","A","","","1"
"2021","Canada","2016A000011124","Ownership by visible minority, Japanese","Average percentage increase expected in average wage","Percent","239","units","0","v1304322169","1.54.1","6.4","A","","","1"
"2021","Canada","2016A000011124","Ownership by visible minority, Japanese","Average percentage decrease expected in average wage","Percent","239","units","0","v1304322170","1.54.2","","..","","","1"
"2021","Canada","2016A000011124","Ownership by visible minority, other visible minority","Average percentage increase expected in average wage","Percent","239","units","0","v1304322171","1.55.1","8.4","A","","","1"
"2021","Canada","2016A000011124","Ownership by visible minority, other visible minority","Average percentage decrease expected in average wage","Percent","239","units","0","v1304322172","1.55.2","","..","","","1"
"2021","Canada","2016A000011124","Ownership by visible minority, preferred not to say","Average percentage increase expected in average wage","Percent","239","units","0","v1304322173","1.56.1","13.3","A","","","1"
"2021","Canada","2016A000011124","Ownership by visible minority, preferred not to say","Average percentage decrease expected in average wage","Percent","239","units","0","v1304322174","1.56.2","30.0","A","","","1"
"2021","Canada","2016A000011124","Business or organization activity in the last 12 months, all business or organization activities","Average percentage increase expected in average wage","Percent","239","units","0","v1304322175","1.57.1","8.1","A","","","1"
"2021","Canada","2016A000011124","Business or organization activity in the last 12 months, all business or organization activities","Average percentage decrease expected in average wage","Percent","239","units","0","v1304322176","1.57.2","32.4","B","","","1"
"2021","Canada","2016A000011124","Exported goods outside of Canada","Average percentage increase expected in average wage","Percent","239","units","0","v1304322177","1.58.1","7.9","A","","","1"
"2021","Canada","2016A000011124","Exported goods outside of Canada","Average percentage decrease expected in average wage","Percent","239","units","0","v1304322178","1.58.2","37.8","E","","","1"
"2021","Canada","2016A000011124","Exported services outside of Canada","Average percentage increase expected in average wage","Percent","239","units","0","v1304322179","1.59.1","8.1","A","","","1"
"2021","Canada","2016A000011124","Exported services outside of Canada","Average percentage decrease expected in average wage","Percent","239","units","0","v1304322180","1.59.2","31.9","D","","","1"
"2021","Canada","2016A000011124","Made investments outside of Canada","Average percentage increase expected in average wage","Percent","239","units","0","v1304322183","1.60.1","8.3","A","","","1"
"2021","Canada","2016A000011124","Made investments outside of Canada","Average percentage decrease expected in average wage","Percent","239","units","0","v1304322184","1.60.2","30.0","A","","","1"
"2021","Canada","2016A000011124","Sold goods to businesses in Canada who then resold them outside of Canada","Average percentage increase expected in average wage","Percent","239","units","0","v1304322185","1.61.1","8.7","A","","","1"
"2021","Canada","2016A000011124","Sold goods to businesses in Canada who then resold them outside of Canada","Average percentage decrease expected in average wage","Percent","239","units","0","v1304322186","1.61.2","21.6","B","","","1"
"2021","Canada","2016A000011124","Imported goods from outside of Canada","Average percentage increase expected in average wage","Percent","239","units","0","v1304322187","1.62.1","7.8","A","","","1"
"2021","Canada","2016A000011124","Imported goods from outside of Canada","Average percentage decrease expected in average wage","Percent","239","units","0","v1304322188","1.62.2","26.3","B","","","1"
"2021","Canada","2016A000011124","Imported services from outside of Canada","Average percentage increase expected in average wage","Percent","239","units","0","v1304322189","1.63.1","8.1","A","","","1"
"2021","Canada","2016A000011124","Imported services from outside of Canada","Average percentage decrease expected in average wage","Percent","239","units","0","v1304322190","1.63.2","27.5","C","","","1"
"2021","Canada","2016A000011124","Relocated any business or organizational activities or employees from another country into Canada","Average percentage increase expected in average wage","Percent","239","units","0","v1304322191","1.64.1","7.7","A","","","1"
"2021","Canada","2016A000011124","Relocated any business or organizational activities or employees from another country into Canada","Average percentage decrease expected in average wage","Percent","239","units","0","v1304322192","1.64.2","","..","","","1"
"2021","Canada","2016A000011124","Engaged in other international business activities","Average percentage increase expected in average wage","Percent","239","units","0","v1304322193","1.65.1","7.7","A","","","1"
"2021","Canada","2016A000011124","Engaged in other international business activities","Average percentage decrease expected in average wage","Percent","239","units","0","v1304322194","1.65.2","4.1","A","","","1"
"2021","Canada","2016A000011124","Business or organization activity, none or other","Average percentage increase expected in average wage","Percent","239","units","0","v1304322195","1.66.1","8.2","A","","","1"
"2021","Canada","2016A000011124","Business or organization activity, none or other","Average percentage decrease expected in average wage","Percent","239","units","0","v1304322196","1.66.2","31.0","B","","","1"
"2021","Saskatchewan","2016A000247","North American Industry Classification System (NAICS), all industries","Average percentage increase expected in average wage","Percent","239","units","0","v1304323787","9.1.1","8.2","A","","","1"
"2021","Saskatchewan","2016A000247","North American Industry Classification System (NAICS), all industries","Average percentage decrease expected in average wage","Percent","239","units","0","v1304323788","9.1.2","24.7","C","","","1"
"2021","Saskatchewan","2016A000247","Agriculture, forestry, fishing and hunting [11]","Average percentage increase expected in average wage","Percent","239","units","0","v1304323809","9.2.1","10.9","A","","","1"
"2021","Saskatchewan","2016A000247","Agriculture, forestry, fishing and hunting [11]","Average percentage decrease expected in average wage","Percent","239","units","0","v1304323810","9.2.2","20.0","A","","","1"
"2021","Saskatchewan","2016A000247","Mining, quarrying, and oil and gas extraction [21]","Average percentage increase expected in average wage","Percent","239","units","0","v1304323831","9.3.1","11.4","B","","","1"
"2021","Saskatchewan","2016A000247","Mining, quarrying, and oil and gas extraction [21]","Average percentage decrease expected in average wage","Percent","239","units","0","v1304323832","9.3.2","34.6","E","","","1"
"2021","Saskatchewan","2016A000247","Construction [23]","Average percentage increase expected in average wage","Percent","239","units","0","v1304323853","9.4.1","10.3","A","","","1"
"2021","Saskatchewan","2016A000247","Construction [23]","Average percentage decrease expected in average wage","Percent","239","units","0","v1304323854","9.4.2","50.0","A","","","1"
"2021","Saskatchewan","2016A000247","Manufacturing [31-33]","Average percentage increase expected in average wage","Percent","239","units","0","v1304323875","9.5.1","7.0","A","","","1"
"2021","Saskatchewan","2016A000247","Manufacturing [31-33]","Average percentage decrease expected in average wage","Percent","239","units","0","v1304323876","9.5.2","","..","","","1"
"2021","Saskatchewan","2016A000247","Wholesale trade [41]","Average percentage increase expected in average wage","Percent","239","units","0","v1304323897","9.6.1","4.4","A","","","1"
"2021","Saskatchewan","2016A000247","Wholesale trade [41]","Average percentage decrease expected in average wage","Percent","239","units","0","v1304323898","9.6.2","30.0","A","","","1"
"2021","Saskatchewan","2016A000247","Retail trade [44-45]","Average percentage increase expected in average wage","Percent","239","units","0","v1304323913","9.7.1","5.5","A","","","1"
"2021","Saskatchewan","2016A000247","Retail trade [44-45]","Average percentage decrease expected in average wage","Percent","239","units","0","v1304323914","9.7.2","100.0","A","","","1"
"2021","Saskatchewan","2016A000247","Transportation and warehousing [48-49]","Average percentage increase expected in average wage","Percent","239","units","0","v1304323915","9.8.1","8.4","A","","","1"
"2021","Saskatchewan","2016A000247","Transportation and warehousing [48-49]","Average percentage decrease expected in average wage","Percent","239","units","0","v1304323916","9.8.2","2.9","A","","","1"
"2021","Saskatchewan","2016A000247","Information and cultural industries [51]","Average percentage increase expected in average wage","Percent","239","units","0","v1304323917","9.9.1","7.1","A","","","1"
"2021","Saskatchewan","2016A000247","Information and cultural industries [51]","Average percentage decrease expected in average wage","Percent","239","units","0","v1304323918","9.9.2","17.4","B","","","1"
"2021","Saskatchewan","2016A000247","Finance and insurance [52]","Average percentage increase expected in average wage","Percent","239","units","0","v1304323789","9.10.1","5.0","A","","","1"
"2021","Saskatchewan","2016A000247","Finance and insurance [52]","Average percentage decrease expected in average wage","Percent","239","units","0","v1304323790","9.10.2","10.0","A","","","1"
"2021","Saskatchewan","2016A000247","Real estate and rental and leasing [53]","Average percentage increase expected in average wage","Percent","239","units","0","v1304323791","9.11.1","11.0","B","","","1"
"2021","Saskatchewan","2016A000247","Real estate and rental and leasing [53]","Average percentage decrease expected in average wage","Percent","239","units","0","v1304323792","9.11.2","39.1","C","","","1"
"2021","Saskatchewan","2016A000247","Professional, scientific and technical services [54]","Average percentage increase expected in average wage","Percent","239","units","0","v1304323793","9.12.1","7.6","A","","","1"
"2021","Saskatchewan","2016A000247","Professional, scientific and technical services [54]","Average percentage decrease expected in average wage","Percent","239","units","0","v1304323794","9.12.2","20.0","A","","","1"
"2021","Saskatchewan","2016A000247","Administrative and support, waste management and remediation services [56]","Average percentage increase expected in average wage","Percent","239","units","0","v1304323795","9.13.1","6.2","A","","","1"
"2021","Saskatchewan","2016A000247","Administrative and support, waste management and remediation services [56]","Average percentage decrease expected in average wage","Percent","239","units","0","v1304323796","9.13.2","21.8","C","","","1"
"2021","Saskatchewan","2016A000247","Health care and social assistance [62]","Average percentage increase expected in average wage","Percent","239","units","0","v1304323797","9.14.1","8.7","B","","","1"
"2021","Saskatchewan","2016A000247","Health care and social assistance [62]","Average percentage decrease expected in average wage","Percent","239","units","0","v1304323798","9.14.2","10.3","A","","","1"
"2021","Saskatchewan","2016A000247","Arts, entertainment and recreation [71]","Average percentage increase expected in average wage","Percent","239","units","0","v1304323799","9.15.1","9.5","A","","","1"
"2021","Saskatchewan","2016A000247","Arts, entertainment and recreation [71]","Average percentage decrease expected in average wage","Percent","239","units","0","v1304323800","9.15.2","2.0","A","","","1"
"2021","Saskatchewan","2016A000247","Accommodation and food services [72]","Average percentage increase expected in average wage","Percent","239","units","0","v1304323801","9.16.1","9.0","A","","","1"
"2021","Saskatchewan","2016A000247","Accommodation and food services [72]","Average percentage decrease expected in average wage","Percent","239","units","0","v1304323802","9.16.2","","F","","","1"
"2021","Saskatchewan","2016A000247","Other services (except public administration) [81]","Average percentage increase expected in average wage","Percent","239","units","0","v1304323803","9.17.1","5.7","A","","","1"
"2021","Saskatchewan","2016A000247","Other services (except public administration) [81]","Average percentage decrease expected in average wage","Percent","239","units","0","v1304323804","9.17.2","60.0","A","","","1"
"2021","Saskatchewan","2016A000247","Business or organization size of employment, all employment sizes","Average percentage increase expected in average wage","Percent","239","units","0","v1304323805","9.18.1","8.2","A","","","1"
"2021","Saskatchewan","2016A000247","Business or organization size of employment, all employment sizes","Average percentage decrease expected in average wage","Percent","239","units","0","v1304323806","9.18.2","24.7","C","","","1"
"2021","Saskatchewan","2016A000247","1 to 4 employees","Average percentage increase expected in average wage","Percent","239","units","0","v1304323807","9.19.1","9.1","A","","","1"
"2021","Saskatchewan","2016A000247","1 to 4 employees","Average percentage decrease expected in average wage","Percent","239","units","0","v1304323808","9.19.2","24.4","C","","","1"
"2021","Saskatchewan","2016A000247","5 to 19 employees","Average percentage increase expected in average wage","Percent","239","units","0","v1304323811","9.20.1","8.3","A","","","1"
"2021","Saskatchewan","2016A000247","5 to 19 employees","Average percentage decrease expected in average wage","Percent","239","units","0","v1304323812","9.20.2","","..","","","1"
"2021","Saskatchewan","2016A000247","20 to 99 employees","Average percentage increase expected in average wage","Percent","239","units","0","v1304323813","9.21.1","5.8","A","","","1"
"2021","Saskatchewan","2016A000247","20 to 99 employees","Average percentage decrease expected in average wage","Percent","239","units","0","v1304323814","9.21.2","50.0","A","","","1"
"2021","Saskatchewan","2016A000247","100 or more employees","Average percentage increase expected in average wage","Percent","239","units","0","v1304323815","9.22.1","4.0","A","","","1"
"2021","Saskatchewan","2016A000247","100 or more employees","Average percentage decrease expected in average wage","Percent","239","units","0","v1304323816","9.22.2","","..","","","1"
"2021","Saskatchewan","2016A000247","Business or organization type, all businesses or organizations","Average percentage increase expected in average wage","Percent","239","units","0","v1304323817","9.23.1","8.2","A","","","1"
"2021","Saskatchewan","2016A000247","Business or organization type, all businesses or organizations","Average percentage decrease expected in average wage","Percent","239","units","0","v1304323818","9.23.2","24.7","C","","","1"
"2021","Saskatchewan","2016A000247","Government agencies","Average percentage increase expected in average wage","Percent","239","units","0","v1304323819","9.24.1","12.6","C","","","1"
"2021","Saskatchewan","2016A000247","Government agencies","Average percentage decrease expected in average wage","Percent","239","units","0","v1304323820","9.24.2","2.0","A","","","1"
"2021","Saskatchewan","2016A000247","Private sector businesses","Average percentage increase expected in average wage","Percent","239","units","0","v1304323821","9.25.1","8.2","A","","","1"
"2021","Saskatchewan","2016A000247","Private sector businesses","Average percentage decrease expected in average wage","Percent","239","units","0","v1304323822","9.25.2","25.3","C","","","1"
"2021","Saskatchewan","2016A000247","Non-profit organizations","Average percentage increase expected in average wage","Percent","239","units","0","v1304323823","9.26.1","7.4","B","","","1"
"2021","Saskatchewan","2016A000247","Non-profit organizations","Average percentage decrease expected in average wage","Percent","239","units","0","v1304323824","9.26.2","","..","","","1"
"2021","Saskatchewan","2016A000247","Non-profit organizations serving households or individuals","Average percentage increase expected in average wage","Percent","239","units","0","v1304323825","9.27.1","7.6","B","","","1"
"2021","Saskatchewan","2016A000247","Non-profit organizations serving households or individuals","Average percentage decrease expected in average wage","Percent","239","units","0","v1304323826","9.27.2","","..","","","1"
"2021","Saskatchewan","2016A000247","Non-profit organizations serving businesses","Average percentage increase expected in average wage","Percent","239","units","0","v1304323827","9.28.1","6.3","A","","","1"
"2021","Saskatchewan","2016A000247","Non-profit organizations serving businesses","Average percentage decrease expected in average wage","Percent","239","units","0","v1304323828","9.28.2","","..","","","1"
"2021","Saskatchewan","2016A000247","Age of business or organization, all ages","Average percentage increase expected in average wage","Percent","239","units","0","v1304323829","9.29.1","8.2","A","","","1"
"2021","Saskatchewan","2016A000247","Age of business or organization, all ages","Average percentage decrease expected in average wage","Percent","239","units","0","v1304323830","9.29.2","24.7","C","","","1"
"2021","Saskatchewan","2016A000247","Age of business or organization, 2 years or less","Average percentage increase expected in average wage","Percent","239","units","0","v1304323833","9.30.1","11.9","A","","","1"
"2021","Saskatchewan","2016A000247","Age of business or organization, 2 years or less","Average percentage decrease expected in average wage","Percent","239","units","0","v1304323834","9.30.2","5.0","B","","","1"
"2021","Saskatchewan","2016A000247","Age of business or organization, 3 to 10 years old","Average percentage increase expected in average wage","Percent","239","units","0","v1304323835","9.31.1","9.4","A","","","1"
"2021","Saskatchewan","2016A000247","Age of business or organization, 3 to 10 years old","Average percentage decrease expected in average wage","Percent","239","units","0","v1304323836","9.31.2","24.0","C","","","1"
"2021","Saskatchewan","2016A000247","Age of business or organization, 11 to 20 years old","Average percentage increase expected in average wage","Percent","239","units","0","v1304323837","9.32.1","9.2","A","","","1"
"2021","Saskatchewan","2016A000247","Age of business or organization, 11 to 20 years old","Average percentage decrease expected in average wage","Percent","239","units","0","v1304323838","9.32.2","22.6","E","","","1"
"2021","Saskatchewan","2016A000247","Age of business or organization, more than 20 years old","Average percentage increase expected in average wage","Percent","239","units","0","v1304323839","9.33.1","6.7","A","","","1"
"2021","Saskatchewan","2016A000247","Age of business or organization, more than 20 years old","Average percentage decrease expected in average wage","Percent","239","units","0","v1304323840","9.33.2","31.4","D","","","1"
"2021","Saskatchewan","2016A000247","Geography, all geography","Average percentage increase expected in average wage","Percent","239","units","0","v1304323841","9.34.1","8.2","A","","","1"
"2021","Saskatchewan","2016A000247","Geography, all geography","Average percentage decrease expected in average wage","Percent","239","units","0","v1304323842","9.34.2","24.7","C","","","1"
"2021","Saskatchewan","2016A000247","Urban","Average percentage increase expected in average wage","Percent","239","units","0","v1304323843","9.35.1","7.9","A","","","1"
"2021","Saskatchewan","2016A000247","Urban","Average percentage decrease expected in average wage","Percent","239","units","0","v1304323844","9.35.2","23.3","C","","","1"
"2021","Saskatchewan","2016A000247","Rural","Average percentage increase expected in average wage","Percent","239","units","0","v1304323845","9.36.1","8.6","A","","","1"
"2021","Saskatchewan","2016A000247","Rural","Average percentage decrease expected in average wage","Percent","239","units","0","v1304323846","9.36.2","26.2","D","","","1"
"2021","Saskatchewan","2016A000247","Majority ownership, all ownerships","Average percentage increase expected in average wage","Percent","239","units","0","v1304323847","9.37.1","8.2","A","","","1"
"2021","Saskatchewan","2016A000247","Majority ownership, all ownerships","Average percentage decrease expected in average wage","Percent","239","units","0","v1304323848","9.37.2","25.3","C","","","1"
"2021","Saskatchewan","2016A000247","Majority ownership, woman","Average percentage increase expected in average wage","Percent","239","units","0","v1304323849","9.38.1","9.2","A","","","1"
"2021","Saskatchewan","2016A000247","Majority ownership, woman","Average percentage decrease expected in average wage","Percent","239","units","0","v1304323850","9.38.2","","F","","","1"
"2021","Saskatchewan","2016A000247","Majority ownership, First Nations, Métis or Inuit","Average percentage increase expected in average wage","Percent","239","units","0","v1304323851","9.39.1","4.3","A","","","1"
"2021","Saskatchewan","2016A000247","Majority ownership, First Nations, Métis or Inuit","Average percentage decrease expected in average wage","Percent","239","units","0","v1304323852","9.39.2","20.0","A","","","1"
"2021","Saskatchewan","2016A000247","Majority ownership, immigrant to Canada","Average percentage increase expected in average wage","Percent","239","units","0","v1304323855","9.40.1","12.7","A","","","1"
"2021","Saskatchewan","2016A000247","Majority ownership, immigrant to Canada","Average percentage decrease expected in average wage","Percent","239","units","0","v1304323856","9.40.2","22.2","C","","","1"
"2021","Saskatchewan","2016A000247","Majority ownership, person with a disability","Average percentage increase expected in average wage","Percent","239","units","0","v1304323857","9.41.1","6.1","A","","","1"
"2021","Saskatchewan","2016A000247","Majority ownership, person with a disability","Average percentage decrease expected in average wage","Percent","239","units","0","v1304323858","9.41.2","","..","","","1"
"2021","Saskatchewan","2016A000247","Majority ownership, member of LGBTQ2 community","Average percentage increase expected in average wage","Percent","239","units","0","v1304323859","9.42.1","7.2","A","","","1"
"2021","Saskatchewan","2016A000247","Majority ownership, member of LGBTQ2 community","Average percentage decrease expected in average wage","Percent","239","units","0","v1304323860","9.42.2","","..","","","1"
"2021","Saskatchewan","2016A000247","Majority ownership, visible minority","Average percentage increase expected in average wage","Percent","239","units","0","v1304323861","9.43.1","11.9","B","","","1"
"2021","Saskatchewan","2016A000247","Majority ownership, visible minority","Average percentage decrease expected in average wage","Percent","239","units","0","v1304323862","9.43.2","17.3","B","","","1"
"2021","Saskatchewan","2016A000247","Ownership by visible minority, all visible minorities","Average percentage increase expected in average wage","Percent","239","units","0","v1304323863","9.44.1","11.9","B","","","1"
"2021","Saskatchewan","2016A000247","Ownership by visible minority, all visible minorities","Average percentage decrease expected in average wage","Percent","239","units","0","v1304323864","9.44.2","17.3","B","","","1"
"2021","Saskatchewan","2016A000247","Ownership by visible minority, South Asian","Average percentage increase expected in average wage","Percent","239","units","0","v1304323865","9.45.1","12.4","A","","","1"
"2021","Saskatchewan","2016A000247","Ownership by visible minority, South Asian","Average percentage decrease expected in average wage","Percent","239","units","0","v1304323866","9.45.2","25.0","A","","","1"
"2021","Saskatchewan","2016A000247","Ownership by visible minority, Chinese","Average percentage increase expected in average wage","Percent","239","units","0","v1304323867","9.46.1","7.5","A","","","1"
"2021","Saskatchewan","2016A000247","Ownership by visible minority, Chinese","Average percentage decrease expected in average wage","Percent","239","units","0","v1304323868","9.46.2","30.0","A","","","1"
"2021","Saskatchewan","2016A000247","Ownership by visible minority, Black","Average percentage increase expected in average wage","Percent","239","units","0","v1304323869","9.47.1","7.1","B","","","1"
"2021","Saskatchewan","2016A000247","Ownership by visible minority, Black","Average percentage decrease expected in average wage","Percent","239","units","0","v1304323870","9.47.2","10.0","A","","","1"
"2021","Saskatchewan","2016A000247","Ownership by visible minority, Filipino","Average percentage increase expected in average wage","Percent","239","units","0","v1304323871","9.48.1","100.0","A","","","1"
"2021","Saskatchewan","2016A000247","Ownership by visible minority, Filipino","Average percentage decrease expected in average wage","Percent","239","units","0","v1304323872","9.48.2","","..","","","1"
"2021","Saskatchewan","2016A000247","Ownership by visible minority, Latin American","Average percentage increase expected in average wage","Percent","239","units","0","v1304323873","9.49.1","","..","","","1"
"2021","Saskatchewan","2016A000247","Ownership by visible minority, Latin American","Average percentage decrease expected in average wage","Percent","239","units","0","v1304323874","9.49.2","","..","","","1"
"2021","Saskatchewan","2016A000247","Ownership by visible minority, Arab","Average percentage increase expected in average wage","Percent","239","units","0","v1304323877","9.50.1","6.5","A","","","1"
"2021","Saskatchewan","2016A000247","Ownership by visible minority, Arab","Average percentage decrease expected in average wage","Percent","239","units","0","v1304323878","9.50.2","20.0","A","","","1"
"2021","Saskatchewan","2016A000247","Ownership by visible minority, Southeast Asian","Average percentage increase expected in average wage","Percent","239","units","0","v1304323879","9.51.1","10.8","A","","","1"
"2021","Saskatchewan","2016A000247","Ownership by visible minority, Southeast Asian","Average percentage decrease expected in average wage","Percent","239","units","0","v1304323880","9.51.2","","..","","","1"
"2021","Saskatchewan","2016A000247","Ownership by visible minority, West Asian","Average percentage increase expected in average wage","Percent","239","units","0","v1304323881","9.52.1","10.0","A","","","1"
"2021","Saskatchewan","2016A000247","Ownership by visible minority, West Asian","Average percentage decrease expected in average wage","Percent","239","units","0","v1304323882","9.52.2","","..","","","1"
"2021","Saskatchewan","2016A000247","Ownership by visible minority, Korean","Average percentage increase expected in average wage","Percent","239","units","0","v1304323883","9.53.1","7.4","A","","","1"
"2021","Saskatchewan","2016A000247","Ownership by visible minority, Korean","Average percentage decrease expected in average wage","Percent","239","units","0","v1304323884","9.53.2","","..","","","1"
"2021","Saskatchewan","2016A000247","Ownership by visible minority, Japanese","Average percentage increase expected in average wage","Percent","239","units","0","v1304323885","9.54.1","","..","","","1"
"2021","Saskatchewan","2016A000247","Ownership by visible minority, Japanese","Average percentage decrease expected in average wage","Percent","239","units","0","v1304323886","9.54.2","","..","","","1"
"2021","Saskatchewan","2016A000247","Ownership by visible minority, other visible minority","Average percentage increase expected in average wage","Percent","239","units","0","v1304323887","9.55.1","","..","","","1"
"2021","Saskatchewan","2016A000247","Ownership by visible minority, other visible minority","Average percentage decrease expected in average wage","Percent","239","units","0","v1304323888","9.55.2","","..","","","1"
"2021","Saskatchewan","2016A000247","Ownership by visible minority, preferred not to say","Average percentage increase expected in average wage","Percent","239","units","0","v1304323889","9.56.1","2.4","A","","","1"
"2021","Saskatchewan","2016A000247","Ownership by visible minority, preferred not to say","Average percentage decrease expected in average wage","Percent","239","units","0","v1304323890","9.56.2","","..","","","1"
"2021","Saskatchewan","2016A000247","Business or organization activity in the last 12 months, all business or organization activities","Average percentage increase expected in average wage","Percent","239","units","0","v1304323891","9.57.1","8.2","A","","","1"
"2021","Saskatchewan","2016A000247","Business or organization activity in the last 12 months, all business or organization activities","Average percentage decrease expected in average wage","Percent","239","units","0","v1304323892","9.57.2","24.7","C","","","1"
"2021","Saskatchewan","2016A000247","Exported goods outside of Canada","Average percentage increase expected in average wage","Percent","239","units","0","v1304323893","9.58.1","4.2","A","","","1"
"2021","Saskatchewan","2016A000247","Exported goods outside of Canada","Average percentage decrease expected in average wage","Percent","239","units","0","v1304323894","9.58.2","20.0","A","","","1"
"2021","Saskatchewan","2016A000247","Exported services outside of Canada","Average percentage increase expected in average wage","Percent","239","units","0","v1304323895","9.59.1","9.0","B","","","1"
"2021","Saskatchewan","2016A000247","Exported services outside of Canada","Average percentage decrease expected in average wage","Percent","239","units","0","v1304323896","9.59.2","23.7","C","","","1"
"2021","Saskatchewan","2016A000247","Made investments outside of Canada","Average percentage increase expected in average wage","Percent","239","units","0","v1304323899","9.60.1","3.2","A","","","1"
"2021","Saskatchewan","2016A000247","Made investments outside of Canada","Average percentage decrease expected in average wage","Percent","239","units","0","v1304323900","9.60.2","30.0","A","","","1"
"2021","Saskatchewan","2016A000247","Sold goods to businesses in Canada who then resold them outside of Canada","Average percentage increase expected in average wage","Percent","239","units","0","v1304323901","9.61.1","9.3","A","","","1"
"2021","Saskatchewan","2016A000247","Sold goods to businesses in Canada who then resold them outside of Canada","Average percentage decrease expected in average wage","Percent","239","units","0","v1304323902","9.61.2","20.0","A","","","1"
"2021","Saskatchewan","2016A000247","Imported goods from outside of Canada","Average percentage increase expected in average wage","Percent","239","units","0","v1304323903","9.62.1","5.8","A","","","1"
"2021","Saskatchewan","2016A000247","Imported goods from outside of Canada","Average percentage decrease expected in average wage","Percent","239","units","0","v1304323904","9.62.2","17.1","B","","","1"
"2021","Saskatchewan","2016A000247","Imported services from outside of Canada","Average percentage increase expected in average wage","Percent","239","units","0","v1304323905","9.63.1","5.1","A","","","1"
"2021","Saskatchewan","2016A000247","Imported services from outside of Canada","Average percentage decrease expected in average wage","Percent","239","units","0","v1304323906","9.63.2","50.0","A","","","1"
"2021","Saskatchewan","2016A000247","Relocated any business or organizational activities or employees from another country into Canada","Average percentage increase expected in average wage","Percent","239","units","0","v1304323907","9.64.1","7.1","B","","","1"
"2021","Saskatchewan","2016A000247","Relocated any business or organizational activities or employees from another country into Canada","Average percentage decrease expected in average wage","Percent","239","units","0","v1304323908","9.64.2","","..","","","1"
"2021","Saskatchewan","2016A000247","Engaged in other international business activities","Average percentage increase expected in average wage","Percent","239","units","0","v1304323909","9.65.1","7.8","A","","","1"
"2021","Saskatchewan","2016A000247","Engaged in other international business activities","Average percentage decrease expected in average wage","Percent","239","units","0","v1304323910","9.65.2","","..","","","1"
"2021","Saskatchewan","2016A000247","Business or organization activity, none or other","Average percentage increase expected in average wage","Percent","239","units","0","v1304323911","9.66.1","8.6","A","","","1"
"2021","Saskatchewan","2016A000247","Business or organization activity, none or other","Average percentage decrease expected in average wage","Percent","239","units","0","v1304323912","9.66.2","27.1","D","","","1"


